customer_id,partition
7590-VHVEG,train
5575-GNVDE,train
3668-QPYBK,train
7795-CFOCW,train
9237-HQITU,train
9305-CDSKC,train
1452-KIOVK,test
6713-OKOMC,test
7892-POOKP,train
6388-TABGU,test
9763-GRSKD,train
7469-LKBCI,train
8091-TTVAX,train
0280-XJGEX,train
5129-JLPIS,test
3655-SNQYZ,validation
8191-XWSZG,validation
9959-WOFKT,train
4190-MFLUW,test
4183-MYFRB,train
8779-QRDMV,train
1680-VDCWW,train
1066-JKSGK,train
3638-WEABW,train
6322-HRPFA,test
6865-JZNKO,validation
6467-CHFZW,train
8665-UTDHZ,train
5248-YGIJN,train
8773-HHUOZ,train
3841-NFECX,train
4929-XIHVW,train
6827-IEAUQ,validation
7310-EGVHZ,validation
3413-BMNZE,validation
6234-RAAPL,train
6047-YHPVI,test
6572-ADKRS,train
5380-WJKOV,test
8168-UQWWF,train
8865-TNMNX,train
9489-DEDVP,train
9867-JCZSP,train
4671-VJLCL,train
4080-IIARD,validation
3714-NTNFO,train
5948-UJZLF,train
7760-OYPDY,train
7639-LIAYI,train
2954-PIBKO,test
8012-SOUDQ,train
9420-LOJKX,test
6575-SUVOI,train
7495-OOKFY,test
4667-QONEA,train
1658-BYGOY,validation
8769-KKTPH,train
5067-XJQFU,validation
3957-SQXML,validation
5954-BDFSG,train
0434-CSFON,train
1215-FIGMP,train
0526-SXDJP,validation
0557-ASKVU,train
5698-BQJOH,test
5122-CYFXA,train
8627-ZYGSZ,validation
3410-YOQBQ,train
3170-NMYVV,validation
7410-OIEDU,train
2273-QCKXA,train
0731-EBJQB,train
1891-QRQSA,train
8028-PNXHQ,test
5630-AHZIL,test
2673-CXQEU,validation
6416-JNVRK,train
5590-ZSKRV,validation
0191-ZHSKZ,train
3887-PBQAO,train
5919-TMRGD,train
8108-UXRQN,validation
9191-MYQKX,validation
9919-YLNNG,train
0318-ZOPWS,train
4445-ZJNMU,test
4808-YNLEU,train
1862-QRWPE,test
2796-NNUFI,train
3016-KSVCP,train
4767-HZZHQ,validation
2424-WVHPL,train
7233-PAHHL,train
6067-NGCEU,train
9848-JQJTX,train
8637-XJIVR,train
9803-FTJCG,train
0278-YXOOG,train
3212-KXOCR,train
4598-XLKNJ,validation
6380-ARCEH,train
3679-XASPY,test
7123-WQUHX,validation
5386-THSLQ,train
3192-NQECA,validation
6180-YBIQI,validation
6728-DKUCO,train
9750-BOOHV,validation
8597-CWYHH,train
2848-YXSMW,train
0486-HECZI,test
4549-ZDQYY,validation
5712-AHQNN,validation
4846-WHAFZ,test
5256-SKJGO,train
3071-VBYPO,train
9560-BBZXK,train
5299-RULOA,train
8402-OOOHJ,train
9445-ZUEQE,train
1091-SOZGA,train
2928-HLDBA,train
0404-SWRVG,train
6497-TILVL,test
7219-TLZHO,train
4622-YNKIJ,train
4412-YLTKF,test
6734-PSBAW,validation
3930-ZGWVE,test
2639-UGMAZ,train
2876-GZYZC,train
6207-WIOLX,validation
8587-XYZSF,train
3091-FYHKI,train
2372-HWUHI,validation
7799-LGRDP,train
7850-VWJUU,train
3774-VBNXY,train
6217-KDYWC,train
0390-DCFDQ,test
3146-MSEGF,train
4080-OGPJL,validation
1095-WGNGG,train
2636-SJDOU,validation
1131-QQZEB,train
5716-EZXZN,train
6837-BJYDQ,train
2135-RXIHG,train
6440-DKQGE,validation
3466-BYAVD,train
3780-YVMFA,test
3874-EQOEP,train
1679-JRFBR,train
9073-ZZIAY,test
3077-RSNTJ,test
6551-GNYDG,validation
9167-APMXZ,test
2749-CTKAJ,train
6371-NZYEG,train
7554-NEWDD,train
8992-VONJD,train
0867-MKZVY,train
4482-EWFMI,train
4648-YPBTM,test
2907-ILJBN,test
6345-FZOQH,test
3376-BMGFE,validation
5997-OPVFA,validation
3445-HXXGF,train
1159-WFSGR,train
7654-YWJUF,test
1875-QIVME,validation
6727-IOTLZ,train
0691-JVSYA,train
5918-VUKWP,train
1744-JHKYS,test
2656-FMOKZ,train
2070-FNEXE,test
5947-SGKCL,train
3712-PKXZA,train
6317-YPKDH,test
6582-OIVSP,train
9367-WXLCH,validation
5524-KHNJP,test
1918-ZBFQJ,train
1024-GUALD,test
4827-USJHP,validation
8167-GJLRN,train
0956-SYCWG,validation
8017-UVSZU,train
7100-FQPRV,validation
2472-OVKUP,train
2984-RGEYA,test
9680-NIAUV,train
2146-EGVDT,train
2604-IJPDU,test
9178-JHUVJ,validation
6168-YBYNP,train
7255-SSFBC,train
3645-DEYGF,train
9323-HGFWY,train
8544-GOQSH,train
3363-DTIVD,train
7018-WBJNK,test
9142-KZXOP,train
7674-YTAFD,train
6348-SNFUS,train
1285-OKIPP,train
7825-ECJRF,train
1347-KTTTA,train
7841-TZDMQ,train
4195-NZGTA,train
7157-SMCFK,test
4709-LKHYG,test
2504-DSHIH,train
0699-NDKJM,validation
9286-BHDQG,test
0230-WEQUW,validation
2040-LDIWQ,train
6496-JDSSB,validation
9408-SSNVZ,train
4443-EMBNA,validation
6469-MRVET,train
0742-MOABM,test
5961-VUSRV,train
6778-JFCMK,validation
6341-JVQGF,train
2232-DMLXU,train
4811-JBUVU,train
0945-TSONX,train
2651-ZCBXV,train
3316-UWXUY,train
8937-RDTHP,validation
7083-MIOPC,train
1984-GPTEH,train
1251-KRREG,validation
0621-JFHOL,train
9903-LYSAB,train
0094-OIFMO,train
9227-UAQFT,train
7301-ABVAD,validation
6614-FHDBO,train
7576-ASEJU,train
9058-HRZSV,train
4522-AKYLR,train
0221-WMXNQ,validation
0303-UNCIP,train
9947-OTFQU,train
0322-YINQP,train
0959-WHOKV,test
4075-JFPGR,test
4629-NRXKX,train
9514-JDSKI,train
3282-ZISZV,train
3675-YDUPJ,train
4111-BNXIF,validation
7017-VFHAY,train
6655-LHBYW,train
4959-JOSRX,validation
5046-NUHWD,train
7273-TEFQD,test
3606-TWKGI,train
7529-ZDFXI,test
7605-BDWDC,train
1950-KSVVJ,train
0123-CRBRT,test
6292-TOSSS,test
3197-ARFOY,test
6323-AYBRX,train
7014-ZZXAW,train
4385-GZQXV,train
7633-MVPUY,train
6366-ZGQGL,train
4716-HHKQH,train
5940-AHUHD,train
6432-TWQLB,train
4484-GLZOU,validation
3179-GBRWV,test
8645-KWHJO,train
4130-MZLCC,train
0314-TKOSI,train
8229-MYEJZ,train
2080-SRCDE,train
9577-WJVCQ,train
9512-UIBFX,test
6202-DYYFX,validation
3808-HFKDE,validation
5583-SXDAG,train
3488-PGMQJ,validation
3580-REOAC,validation
7534-BFESC,test
3727-OWVYD,train
2294-SALNE,validation
4847-TAJYI,train
1563-IWQEX,train
8203-XJZRC,train
6556-DBKZF,train
6851-WEFYX,train
2985-JUUBZ,train
6390-DSAZX,train
0895-LMRSF,test
8098-LLAZX,train
8266-VBFQL,test
8181-YHCMF,test
2240-HSJQD,validation
1248-DYXUB,train
0265-EDXBD,train
4115-BNPJY,validation
3167-SNQPL,train
4091-TVOCN,train
1098-TDVUQ,validation
7277-OZCGZ,test
1557-EMYVT,validation
2799-ARNLO,train
7563-BIUPC,train
5027-YOCXN,test
3973-SKMLN,train
2321-OMBXY,train
2840-XANRC,train
6745-JEFZB,train
5020-ZSTTY,train
9880-TDQAC,train
8705-WZCYL,train
7102-JJVTX,validation
8626-PTQGE,test
4983-CLMLV,test
5701-YVSVF,train
5804-LEPIM,validation
5697-GOMBF,train
2739-CACDQ,train
9385-EHGDO,train
9498-FIMXL,train
2379-GYFLQ,train
0122-OAHPZ,train
2868-SNELZ,validation
4322-RCYMT,train
6680-NENYN,validation
2088-IEBAU,test
7982-VCELR,train
1343-EHPYB,train
6035-BXTTY,train
6885-PKOAM,train
7520-HQWJU,test
9639-BUJXT,train
5924-SNGKP,test
0021-IKXGC,train
2034-GDRCN,test
8966-SNIZF,validation
6243-OZGFH,validation
4654-DLAMQ,train
0513-RBGPE,test
5160-UXJED,validation
4115-NZRKS,test
0219-YTZUE,train
0623-IIHUG,train
4572-DVCGN,train
3351-NGXYI,validation
8984-EYLLL,train
9057-MSWCO,validation
9833-TGFHX,train
9294-TDIPC,train
5229-DTFYB,train
0104-PPXDV,train
5176-LMJXE,validation
3583-KRKMD,train
1010-DIAUQ,train
9069-LGEUL,train
7302-ZHMHP,validation
9571-EDEBV,train
3520-FJGCV,train
6563-VRERX,train
0259-GBZSH,train
6122-EFVKN,train
2805-EDJPQ,train
6862-CQUMB,validation
7156-MXBJE,validation
6158-HDPXZ,test
9601-BRXPO,train
2863-IMQDR,validation
5686-CMAWK,validation
5651-CRHKQ,train
6905-NIQIN,train
8204-YJCLA,validation
5167-ZFFMM,test
6583-SZVGP,test
4895-TMWIR,train
0533-BNWKF,validation
1708-PBBOA,train
8782-LKFPK,train
5522-JBWMO,train
3597-MVHJT,train
9774-NRNAU,validation
0224-RLWWD,train
9967-ATRFS,validation
3951-NJCVI,validation
2977-CEBSX,train
0177-PXBAT,train
6599-CEBNN,validation
2519-ERQOJ,train
5876-QMYLD,train
2277-AXSDC,train
9442-JTWDL,train
0979-PHULV,test
3067-SVMTC,train
5495-GPSRW,test
7606-BPHHN,test
4742-DRORA,train
0111-KLBQG,train
4800-VHZKI,train
7989-CHGTL,train
0334-GDDSO,train
4163-NCJAK,train
5233-AOZUF,validation
5973-EJGDP,validation
1996-DBMUS,train
7916-VCCPB,train
4686-GEFRM,train
5249-QYHEX,train
0578-SKVMF,train
5564-NEMQO,train
2233-FAGXV,train
5605-IYGFG,train
7663-ZTEGJ,validation
3935-TBRZZ,train
8111-BKVDS,train
2055-SIFSS,train
2806-MLNTI,validation
8734-DKSTZ,validation
4360-PNRQB,test
6152-ONASV,train
9063-ZGTUY,validation
7781-HVGMK,train
2181-UAESM,train
2957-LOLHO,train
6048-NJXHX,train
2320-SLKMB,train
4980-URKXC,train
4376-KFVRS,test
5886-VLQVU,train
3577-AMVUX,train
0771-WLCLA,validation
5628-RKIFK,train
0206-TBWLC,train
2937-FTHUR,train
1910-FMXJM,train
7752-XUSCI,train
4110-PFEUZ,train
0732-OCQOC,test
5168-MSWXT,train
1090-ESELR,test
8592-PLTMQ,train
5760-WRAHC,train
8847-GEOOQ,train
0256-LTHVJ,test
4785-FCIFB,test
8313-NDOIA,train
5149-CUZUJ,train
0942-KOWSM,train
4237-CLSMM,test
1452-VOQCH,train
4719-UMSIY,validation
6614-VBEGU,train
0880-TKATG,train
3811-VBYBZ,train
1480-BKXGA,train
2996-XAUVF,train
9076-AXYIK,train
5968-XQIVE,train
8896-RAZCR,validation
4640-UHDOS,test
4933-IKULF,train
3583-EKAPL,train
1304-BCCFO,train
4104-PVRPS,train
9399-APLBT,validation
2359-KMGLI,train
3780-DDGSE,test
4431-EDMIQ,train
0306-JAELE,train
6227-HWPWX,test
0486-LGCCH,train
0447-BEMNG,test
4612-SSVHJ,train
5168-MQQCA,train
5949-XIKAE,train
7971-HLVXI,test
9094-AZPHK,train
3649-JPUGY,test
4472-LVYGI,validation
8372-JUXUI,train
3552-CTCYF,train
6778-YSNIH,validation
0388-EOPEX,test
5756-OZRIO,validation
6579-JPICP,train
8205-OTCHB,validation
4134-BSXLX,validation
0505-SPOOW,validation
6235-VDHOM,train
7783-YKGDV,train
4374-YMUSQ,train
4513-CXYIX,train
3957-HHLMR,train
7803-XOCCZ,test
5736-YEJAX,train
5609-CEBID,validation
8981-FJGLA,train
7218-HKQFK,test
4636-QRJKY,train
1135-LMECX,train
4332-MUOEZ,test
8535-SFUTN,train
5956-VKDTT,train
8677-HDZEE,train
2475-MROZF,train
9412-GHEEC,validation
3482-ABPKK,train
6705-LXORM,test
0257-ZESQC,train
7531-GQHME,test
5174-ITUMV,validation
4109-CYRBD,train
0913-XWSCN,test
6825-UYPFK,test
8397-MVTAZ,test
0750-EBAIU,train
8606-CIQUL,train
3571-DPYUH,test
7601-GNDYK,train
0356-OBMAC,train
8067-NIOYM,validation
1403-GYAFU,test
4234-XTNEA,validation
1297-VQDRP,train
9282-IZGQK,train
5348-CAGXB,train
0621-HJWXJ,train
5844-QVTAT,train
8905-IAZPF,train
5394-MEITZ,train
6859-QNXIQ,validation
2782-LFZVW,test
2866-IKBTM,train
1342-JPNKI,train
2817-NTQDO,train
7129-AZJDE,train
6986-IJDHX,validation
2560-PPCHE,train
4676-MQUEA,train
8138-EALND,train
3580-HYCSP,train
1352-HNSAW,train
2075-PUEPR,test
1982-FEBTD,validation
5301-GAUUY,test
5791-KAJFD,train
2654-VBVPB,train
1154-HYWWO,train
2501-XWWTZ,test
3716-UVSPD,train
6815-ABQFQ,test
7343-EOBEU,train
3701-SFMUH,validation
6103-LIANB,train
7319-VENRZ,train
5846-NEQVZ,train
6967-QIQRV,train
5781-RFZRP,train
0939-YAPAF,train
0308-IVGOK,validation
7293-LSCDV,validation
7025-WCBNE,train
5756-JYOJT,validation
4710-FDUIZ,train
6030-REHUX,train
9548-LIGTA,train
5150-LJNSR,train
8270-RKSAP,train
6522-YRBXD,train
2640-LYMOV,train
1218-VKFPE,test
3627-FHKBK,test
2865-TCHJW,test
1423-BMPBQ,validation
2393-DIVAI,train
5192-EBGOV,train
4568-KNYWR,train
8752-IMQOS,validation
0742-LAFQK,train
0795-LAFGP,train
0619-OLYUR,validation
5512-IDZEI,validation
0459-SPZHJ,validation
0215-BQKGS,train
9244-ZVAPM,train
0719-SYFRB,test
8208-EUMTE,train
5172-MIGPM,train
1710-RCXUS,train
0374-FIUCA,validation
5839-SUYVZ,train
5173-ZXXXL,train
1096-ADRUX,validation
2001-MCUUW,test
2731-GJRDG,train
4723-BEGSG,train
6516-NKQBO,train
8672-OAUPW,validation
8207-DMRVL,train
3419-SNJJD,train
6543-CPZMK,test
4765-OXPPD,train
2804-ETQDK,train
6689-VRRTK,train
7138-GIRSH,validation
9396-ZSFLL,train
6464-KEXXH,train
7134-MJPDY,test
5240-CAOYT,test
4059-IIEBK,validation
4881-JVQOD,train
0516-UXRMT,test
4851-BQDNX,train
5148-HKFIR,validation
1009-IRMNA,train
3003-CMDUU,validation
5016-IBERQ,test
6797-UCJHZ,train
2469-DTSGX,train
4554-YGZIH,train
5099-BAILX,train
9931-KGHOA,test
1775-KWJKQ,train
7665-VIGUD,train
9411-TPQQV,train
7207-RMRDB,train
7954-MLBUN,train
2077-DDHJK,train
4913-EHYUI,train
0195-IESCP,validation
9574-BOSMD,validation
4580-TMHJU,train
0970-ETWGE,test
4908-XAXAY,train
8404-VLQFB,train
1626-ERCMM,train
0887-HJGAR,validation
2391-IPLOP,train
5644-PDMZC,train
3509-GWQGF,train
9576-ANLXO,test
2024-BASKD,validation
5845-BZZIB,test
1140-UKVZG,train
4160-AMJTL,test
5183-SNMJQ,train
8100-PNJMH,train
7838-LAZFO,test
4464-JCOLN,test
2085-JVGAD,train
5650-VDUDS,validation
8095-WANWK,train
3030-ZKIWL,validation
9565-FLVCG,validation
8755-OGKNA,train
2800-VEQXM,validation
7538-GWHML,train
5533-RJFTJ,test
3859-CVCET,train
0214-JHPFW,validation
5642-MHDQT,validation
3088-FVYWK,test
3276-HDUEG,validation
9092-GDZKO,train
0823-HSCDJ,test
3729-OWRVL,test
2324-AALNO,train
0822-GAVAP,train
5760-IFJOZ,train
2826-UWHIS,train
1448-PWKYE,test
7501-IWUNG,train
4957-TREIR,train
7251-LJBQN,test
8040-MNRTF,train
1536-HBSWP,test
5313-FPXWG,test
0067-DKWBL,validation
0946-FKYTX,train
5076-YVXCM,validation
8262-COGGB,train
6663-JOCQO,validation
9620-QJREV,validation
2276-YDAVZ,train
2682-KEVRP,train
2480-JZOSN,train
0078-XZMHT,train
5896-NPFWW,validation
9978-HYCIN,train
8338-QIUNR,test
1525-LNLOJ,test
9450-TRJUU,test
1766-GKNMI,validation
6942-LBFDP,train
1456-TWCGB,train
7133-VBDCG,train
7596-ZYWBB,train
8329-UTMVM,validation
3014-WJKSM,train
3347-YJZZE,validation
1029-QFBEN,train
7929-DMBCV,train
9661-JALZV,train
5433-KYGHE,train
4312-KFRXN,test
5575-TPIZQ,test
0114-IGABW,train
9944-AEXBM,test
1853-ARAAQ,train
6952-OMNWB,train
4697-LUPSU,train
8434-VGEQQ,train
4952-YSOGZ,train
1589-AGTLK,train
5244-IRFIH,train
6549-YMFAW,validation
4950-HKQTE,train
6786-OBWQR,train
2684-EIWEO,train
2753-JMMCV,train
6439-GTPCA,train
6621-YOBKI,train
1216-JWVUX,train
7564-GHCVB,train
1173-NOEYG,validation
7595-EHCDL,train
6647-ZEDXT,train
2521-NPUZR,validation
1307-TVUFB,validation
7503-MIOGA,train
4381-MHQDC,validation
6923-JHPMP,validation
5138-WVKYJ,validation
4018-PPNDW,test
1635-FJFCC,train
2499-AJYUA,validation
6919-ELBGL,test
3966-HRMZA,test
6425-JWTDV,train
8405-IGQFX,validation
8224-IVVPA,train
9477-LGWQI,train
1410-RSCMR,train
3115-CZMZD,test
0139-IVFJG,train
6683-VLCTZ,train
5730-DBDSI,train
0030-FNXPP,train
2189-WWOEW,train
5684-FJVYR,train
4013-GUXND,test
1894-IGFSG,test
7379-POKDZ,train
1266-NZYUI,train
7969-FFOWG,train
4718-DHSMV,train
5175-WLYXL,train
7817-OMJNA,validation
8728-SKJLR,test
3137-NYQQI,train
7706-DZNKK,train
0236-HFWSV,train
3900-AQPHZ,train
5842-POCOP,train
2037-XJFUP,train
8823-RLPWL,train
9505-SQFSW,train
7314-OXENN,validation
3758-CKOQL,train
0322-CHQRU,test
5676-CFLYY,train
7521-AFHAB,train
0285-INHLN,validation
4678-DVQEO,test
5125-CNDSP,train
0691-IFBQW,train
4992-LTJNE,train
2202-OUTMO,train
0810-BDHAW,train
0229-LFJAF,validation
7131-ZQZNK,train
3442-ZHHCC,test
5726-CVNYA,train
9871-ELEYA,train
4257-GAESD,train
5173-WXOQV,validation
2040-OBMLJ,test
6286-ZHAOK,validation
3807-XHCJH,validation
3009-JWMPU,train
5671-RQRLP,test
1450-GALXR,validation
8859-AXJZP,train
3174-AKMAS,validation
3138-BKYAV,train
9926-PJHDQ,test
7382-DFJTU,train
2798-NYLMZ,test
4289-DTDKW,validation
1820-TQVEV,test
2239-JALAW,train
4853-RULSV,train
8098-TDCBU,train
3551-GAEGL,train
4785-NKHCX,train
3196-NVXLZ,validation
6275-YDUVO,train
0036-IHMOT,train
0115-TFERT,train
4178-EGMON,validation
4220-TINQT,validation
5318-YKDPV,test
7975-TZMLR,validation
0295-QVKPB,train
4335-BSMJS,validation
2311-QYMUQ,train
3643-AHCFP,train
9146-JRIOX,train
3104-OWCGK,train
5337-IIWKZ,train
9101-BWFSS,train
9650-VBUOG,train
3487-EARAT,test
2672-TGEFF,validation
9231-ZJYAM,train
4250-WAROZ,train
8184-WMOFI,validation
6982-SSHFK,train
6092-QZVPP,train
4625-LAMOB,validation
0727-BMPLR,train
0392-BZIUW,train
1038-ZAGBI,validation
6549-NNDYT,train
3027-ZTDHO,train
0422-OHQHQ,validation
6916-HIJSE,train
2316-ESMLS,validation
9778-OGKQZ,train
7408-OFWXJ,test
6007-TCTST,train
2252-NKNSI,train
8713-IGZSO,test
7905-TVXTA,validation
7695-PKLCZ,train
2382-BCKQJ,train
8374-UULRV,train
2207-NHRJK,train
3224-DFQNQ,train
5275-PMFUT,validation
4795-UXVCJ,train
9777-IQHWP,test
0947-MUGVO,train
9944-HKVVB,train
4124-MMETB,train
3671-SHRSP,validation
0979-MOZQI,test
2732-ISEZX,train
3313-QKNKB,test
0323-XWWTN,train
1937-OTUKY,train
1573-LGXBA,train
1764-VUUMT,train
5073-WXOYN,train
4713-ZBURT,train
3050-GBUSH,train
0207-MDKNV,train
7876-AEHIG,validation
7945-HLKEA,validation
9342-VNIMQ,train
9851-KIELU,test
3523-BRGUW,train
3908-BLSYF,test
3199-NPKCN,validation
5170-PTRKA,test
4661-NJEUX,train
2123-AGEEN,validation
1258-YMZNM,train
0048-LUMLS,test
7549-MYGPK,train
5898-IGSLP,validation
3804-RVTGV,train
6259-WJQLC,train
9227-LUNBG,test
7997-EASSD,test
0730-KOAVE,test
8975-SKGRX,train
0678-RLHVP,validation
4315-MURBD,validation
2267-FPIMA,validation
1051-GEJLJ,test
9734-YWGEX,train
2719-BDAQO,validation
5285-MVEHD,train
0379-DJQHR,test
0781-LKXBR,validation
5543-QDCRY,train
0297-RBCSG,test
4694-PHWFW,validation
0835-JKADZ,train
1907-UBQFC,train
7508-SMHXL,validation
3865-YIOTT,train
5993-BQHEA,validation
6024-RUGGH,train
6513-EECDB,train
3956-CJUST,train
4079-WWQQQ,train
6103-BOCOU,validation
5149-TGWDZ,train
7471-WNSUF,train
8942-DBMHZ,train
4301-VVZKA,test
9199-PWQVC,train
4824-GUCBY,train
5393-HJZSM,validation
7074-IEVOJ,train
9625-QSTYE,train
0862-PRCBS,validation
8812-ZRHFP,train
5146-CBVOE,train
0454-OKRCT,train
5787-KXGIY,validation
4750-ZRXIU,test
4198-VFOEA,validation
6630-UJZMY,test
5709-LVOEQ,test
6400-BWQKW,train
2692-AQCPF,train
0347-UBKUZ,validation
0835-DUUIQ,train
0811-GSDTP,validation
7567-ECMCM,validation
6115-ZTBFQ,train
6353-BRMMA,train
6680-WKXRZ,test
6231-WFGFH,train
9904-EHEVJ,validation
7028-DVOIQ,train
6169-PPETC,test
4208-UFFGW,test
8584-KMVXD,train
8467-WYNSR,train
0851-DFJKB,train
5382-SOYZL,test
9448-REEVD,train
3261-CQXOL,train
8388-FYNPZ,train
4002-BQWPQ,test
5651-YLPRD,test
2826-DXLQO,validation
4378-BZYFP,train
9489-UTFKA,validation
4849-PYRLQ,train
9117-SHLZX,train
9889-TMAHG,validation
4541-RMRLG,test
7764-BDPEE,test
3429-IFLEM,test
3158-MOERK,train
7294-TMAOP,train
5002-GCQFH,validation
0556-FJEGU,train
8919-FYFQZ,validation
0604-THJFP,validation
2834-JRTUA,train
5875-YPQFJ,train
5879-SESNB,train
6646-QVXLR,test
6461-PPAXN,test
3318-ISQFQ,train
1106-HRLKZ,validation
2483-XSSMZ,train
8603-IJWDN,train
8165-ZJRNM,test
9369-XFEHK,test
2604-XVDAM,train
3717-OFRTN,train
9046-JBFWA,train
3280-NMUVX,train
1206-EHBDD,train
8361-LBRDI,train
4883-KCPZJ,train
9108-EQPNQ,test
7277-KAMWT,train
3842-IYKUE,train
6641-XRPSU,train
1374-DMZUI,train
2545-LXYVJ,train
3234-VKACU,validation
8357-EQXFO,validation
1989-PRJHP,test
8120-JDCAM,train
8917-FAEMR,train
7047-YXDMZ,validation
2858-EIMXH,train
9524-EGPJC,validation
6993-OHLXR,train
8818-XYFCQ,validation
6419-ZTTLE,train
0929-HYQEW,train
6614-YOLAC,train
7426-RHZGU,train
4065-JJAVA,train
4695-VADHF,test
3863-IUBJR,train
7649-SIJJF,test
9361-YNQWJ,validation
3748-FVMZZ,train
9391-TTOYH,train
1452-XRSJV,train
3422-WJOYD,validation
8242-SOQUO,train
7460-ITWWP,test
7147-AYBAA,train
7868-TMWMZ,train
4822-RVYBB,validation
6732-FZUGP,train
8436-BJUMM,train
4184-TJFAN,validation
8329-GWVPJ,validation
1352-VHKAJ,train
4145-UQXUQ,validation
2632-TACXW,test
8146-QQKZH,train
1767-CJKBA,test
6445-TNRXS,test
4581-LNWUM,test
4869-EPIUS,train
9948-YPTDG,validation
1236-WFCDV,test
1915-OAKWD,train
7296-PIXQY,train
4883-QICIH,train
3354-OADJP,test
3524-WQDSG,test
0810-DHDBD,train
4026-SKKHW,train
2829-HYVZP,train
8329-IBCTI,train
1271-SJBGZ,train
3845-JHAMY,train
7013-PSXHK,train
5669-SRAIP,train
5981-ITEMU,train
3486-NPGST,train
6941-PMGEP,train
1624-WOIWJ,train
2074-GKOWZ,train
0376-YMCJC,test
6100-FJZDG,train
4829-ZLJTK,validation
1730-VFMWO,test
7143-BQIBA,train
3800-LYTRK,train
0634-SZPQA,train
9646-NMHXE,train
7030-NJVDP,train
5536-RTPWK,train
8883-GRDWQ,train
6166-ILMNY,test
3097-NNSPB,validation
7771-ZONAT,train
0655-RBDUG,test
2111-DWYHN,train
4194-WHFCB,validation
4121-AGSIN,test
4361-BKAXE,validation
9845-PEEKO,train
0455-XFASS,train
0301-KOBTQ,validation
1751-NCDLI,test
4367-NUYAO,train
9878-TNQGW,test
9170-ARBTB,train
4441-NIHPT,train
8999-BOHSE,validation
7241-AJHFS,train
7029-RPUAV,test
4546-FOKWR,train
9036-CSKBW,train
5832-TRLPB,train
8590-YFFQO,test
8659-IOOPU,validation
1338-CECEE,train
7439-DKZTW,validation
4646-QZXTF,train
4607-CHPCA,validation
9742-XOKTS,train
6921-OZMFH,train
9578-FOMUK,train
4712-UYOOI,train
8824-RWFXJ,train
7722-CVFXN,validation
8717-VCTXJ,test
7363-QTBIW,test
4159-NAAIX,train
0971-QIFJK,validation
9397-TZSHA,train
3391-JSQEW,validation
0343-QLUZP,train
9763-PDTKK,train
2176-LVPNX,train
7627-JKIAZ,validation
3312-UUMZW,test
1271-UODNO,test
8461-EFQYM,train
6900-RBKER,test
6891-JPYFF,train
1459-QNFQT,test
1047-NNCBF,train
3696-XRIEN,train
4081-DYXAV,train
0074-HDKDG,test
8791-GFXLZ,train
8111-SLLHI,train
0927-LCSMG,validation
9330-DHBFL,test
0098-BOWSO,train
3452-ABWRL,train
5859-HZYLF,validation
8257-RZAHR,train
5293-WXJAK,train
3156-QLHBO,train
2208-NQBCT,train
1779-PWPMG,validation
6621-NRZAK,validation
0831-JNISG,train
0774-IFUVM,train
3082-WQRVY,train
9553-DLCLU,train
1641-BYBTK,train
2460-NGXBJ,train
2446-ZKVAF,test
0841-NULXI,test
3522-CDKHF,train
1430-SFQSA,train
0411-EZJZE,train
7851-WZEKY,train
8844-TONUD,train
8807-ARQET,train
8992-CEUEN,test
4320-QMLLA,train
8777-PVYGU,test
8292-ITGYJ,test
6870-ZWMNX,train
0621-CXBKL,validation
5268-DSMNQ,train
5334-JLAXU,train
4086-YQSNZ,train
6242-MBHPK,validation
5868-CZJDR,train
9359-UGBTK,test
0135-NMXAP,validation
4782-OSFXZ,validation
6479-OAUSD,train
7129-ACFOG,test
4189-NAKJS,train
5562-BETPV,validation
1282-IHQAC,train
9127-FHJBZ,validation
6270-OMFIW,test
1641-RQDAY,train
0107-WESLM,validation
6994-ORCWG,validation
1346-UFHAX,test
3992-YWPKO,train
2933-XEUJM,train
0125-LZQXK,train
5461-QKNTN,test
4835-YSJMR,train
8399-YNDCH,train
3164-YAXFY,train
0887-WBJVH,train
4660-IRIBM,test
5673-FSSMF,validation
7670-ZBPOQ,train
8089-UZWLX,test
0080-OROZO,validation
3916-NRPAP,train
6807-SIWJI,train
8221-HVAYI,train
1579-KLYDT,train
5232-NXPAY,train
8967-SZQAS,train
4468-KAZHE,train
0455-ENTCR,train
8944-AILEF,train
5542-NKVRU,train
7126-RBHSD,validation
5370-IIVVL,validation
6789-HJBWG,train
3927-NLNRY,validation
9087-EYCPR,train
6791-YBNAK,train
6358-LYNGM,train
6077-BDPXA,test
0013-MHZWF,test
5494-HECPR,train
8268-YDIXR,train
9824-BEMCV,validation
1373-ORVIZ,train
4291-SHSBH,train
6980-IMXXE,train
9866-QEVEE,test
9897-KXHCM,validation
0040-HALCW,test
0784-GTUUK,train
7979-CORPM,validation
2294-DMMUS,test
0872-JCPIB,train
3055-MJDSB,train
9091-WTUUY,train
1618-CFHME,train
3165-HDOEW,train
6581-NQCBA,train
7115-IRDHS,train
8496-DMZUK,train
2040-VZIKE,train
9068-VPWQQ,train
0178-SZBHO,train
0384-RVBPI,train
1689-MRZQR,validation
1299-AURJA,train
4525-VZCZG,train
1543-LLLFT,train
5835-BEQEU,train
2788-CJQAQ,test
5565-FILXA,train
0319-QZTCO,train
2120-SMPEX,train
0096-FCPUF,validation
0668-OGMHD,test
5552-ZNFSJ,train
2223-KAGMX,train
6507-ZJSUR,test
9408-HRXRK,train
5593-SUAOO,train
7321-PKUYW,validation
2833-SLKDQ,train
6766-HFKLA,test
7595-EUIVN,train
7617-EYGLW,train
2026-TGDHM,train
9220-ZNKJI,test
4030-VPZBD,train
2226-ICFDO,train
0723-VSOBE,train
5529-GIBVH,validation
4187-CINZD,train
9992-UJOEL,test
4741-WWJQZ,train
6625-UTXEW,train
6818-WOBHJ,train
6244-BESBM,train
1004-NOZNR,validation
1251-STYSZ,train
2612-PHGOX,train
2408-TZMJL,validation
8480-PPONV,train
8780-IHCRN,validation
4598-ZADCK,train
1257-SXUXQ,validation
9681-KYGYB,train
7182-OVLBJ,train
5095-ETBRJ,train
7005-CYUIL,train
4821-WQOYN,test
4730-AWNAU,validation
3452-FLHYD,train
2388-LAESQ,test
9531-NSBMR,train
6260-ONULR,train
4389-UEFCZ,train
8711-LOBKY,test
9134-CEQMF,validation
8985-OOPOS,test
8800-ZKRFW,validation
2616-FLVQC,test
9968-FFVVH,test
3108-PCCGG,train
7993-PYKOF,train
8390-FESFV,test
3022-BEXHZ,train
5027-XWQHA,train
6248-TKCQV,train
6729-GDNGC,test
6198-ZFIOJ,train
5989-OMNJE,train
4566-QVRRW,validation
1291-CUOCY,train
9795-SHUHB,validation
3230-IUALN,validation
0042-RLHYP,train
8519-IMDHU,train
4945-RVMTE,test
0201-OAMXR,validation
1866-NXPSP,train
3372-KWFBM,train
7831-QGOXH,train
6393-WRYZE,validation
3941-XTSKM,train
1661-CZBAU,train
6599-RCLCJ,train
9831-BPFRI,train
5158-RIVOP,validation
9788-YTFGE,test
9277-JOOMO,validation
1907-YLNYW,train
1725-MIMXW,train
8947-YRTDV,train
3161-ONRWK,test
0114-RSRRW,train
4565-NLZBV,train
0031-PVLZI,train
7206-GZCDC,train
6682-VCIXC,validation
4791-QRGMF,train
6475-VHUIZ,train
3910-MRQOY,test
0661-WCQNQ,validation
7537-RBWEA,train
4656-CAURT,train
0121-SNYRK,test
1768-ZAIFU,test
4671-LXRDQ,train
3733-LSYCE,validation
6265-FRMTQ,train
1934-SJVJK,train
3838-OZURD,validation
1371-DWPAZ,train
9269-CQOOL,validation
2017-CCBLH,train
7690-KPNCU,test
0536-BGFMZ,train
2293-IJWPS,test
2845-HSJCY,test
5469-NUJUR,test
1184-PJVDB,validation
2625-TRCZQ,validation
4102-HLENU,train
7266-GSSJX,test
7722-VJRQD,train
7073-QETQY,train
9415-DPEWS,train
5624-RYAMH,validation
0196-JTUQI,train
7130-YXBRO,train
9272-LSVYH,train
7943-RQCHR,train
3793-MMFUH,train
3249-ZPQRG,train
2568-BRGYX,train
3084-DOWLE,validation
1084-MNSMJ,train
7721-JXEAW,validation
7249-WBIYX,test
4238-HFHSN,train
6250-CGGUN,train
5478-JJVZK,train
7596-IIWYC,train
6567-HOOPW,train
9793-WECQC,train
4291-HPAXL,train
8999-YPYBV,train
1839-FBNFR,train
3164-AALRN,train
3071-MVJCD,test
1697-BCSHV,validation
0562-KBDVM,validation
1131-SUEKT,test
3717-OEAUQ,test
4538-WNTMJ,train
3334-CTHOL,test
4704-ERYFC,validation
9432-RUVSL,train
8060-HIWJJ,train
7684-XSZIY,train
9089-UOWJG,test
8621-MNIHH,test
8039-ACLPL,train
9885-AIBVB,train
1934-MKPXS,train
2592-YKDIF,validation
2272-JKMSI,train
0471-LVHGK,validation
9518-RWHZL,train
8714-CTZJW,validation
3569-EDBPQ,test
3131-NWVFJ,validation
7521-YXVZY,train
5419-CONWX,test
6240-EURKS,train
2373-NTKOD,train
1970-KKFWL,validation
6960-HVYXR,train
9337-SRRNI,train
0895-UADGO,train
5678-VFNEQ,train
5977-CKHON,validation
7024-OHCCK,train
2692-BUCFV,train
7861-UVUFT,test
1830-GGFNM,validation
5302-BDJNT,train
5223-UZAVK,validation
4859-ZSRDZ,train
5651-WYIPH,train
9350-VLHMB,train
3498-LZGQZ,train
8785-CJSHH,test
5357-TZHPP,test
3870-SPZSI,train
0680-DFNNY,train
7560-QRBXH,validation
7077-XJMET,train
8752-GHJFU,train
6896-SRVYQ,train
7767-UXAGJ,train
4652-ODEVH,train
6510-UPNKS,train
6718-BDGHG,train
9046-DQMTP,train
6439-LAJXL,train
1571-SAVHK,validation
9052-VKDUW,train
9546-CQJSU,train
1666-JZPZT,train
5777-KJIRB,validation
0506-LVNGN,test
7677-SJJJK,test
2480-EJWYP,test
3253-HKOKL,validation
7055-HNEOJ,test
5514-YQENT,test
3211-AAPKX,validation
8445-DNBAE,test
2951-QOQTK,validation
2958-NHPPS,test
6806-YDEUL,validation
1735-XMJVH,train
6890-PFRQX,test
0222-CNVPT,validation
5899-OUVKV,train
8681-ICONS,train
1621-YNCJH,validation
3473-XIIIT,train
6362-QHAFM,validation
7893-IXHRQ,test
3070-BDOQC,train
2952-QAYZF,train
6234-PFPXL,test
9824-QCJPK,test
4763-PGDPO,validation
4283-IVYCI,train
1866-OBPNR,train
8205-MQUGY,train
8970-ANWXO,test
9480-BQJEI,test
5394-SVGJV,train
6979-TNDEU,train
9777-WJJPR,validation
9283-LZQOH,test
7079-QRCBC,train
9495-SKLKD,train
6048-UWKAL,validation
5067-DGXLL,train
5469-CTCWN,test
9851-QXEEQ,train
6281-FKEWS,train
8898-KASCD,train
9242-TKFSV,train
9290-SHCMB,train
0743-HNPFG,train
2277-BKJKN,train
9809-IMGCQ,train
5208-HFSBT,validation
5035-PGZXH,train
8695-WDYEA,train
6543-JXSOO,train
8016-ZMGMO,train
8605-ITULD,validation
3254-YRILK,train
6416-YJTTB,train
2667-WYLWJ,validation
4472-VESGY,validation
3195-TQDZX,train
3128-YOVTD,train
0529-ONKER,train
1728-CXQBE,validation
7041-TXQJH,train
5014-GSOUQ,train
5724-BIDBU,train
0481-SUMCB,train
1769-GRUIK,train
5240-IJOQT,train
8819-WFGGJ,train
7427-AUFPY,train
2811-POVEX,train
1092-GANHU,test
7898-PDWQE,train
9972-EWRJS,train
9314-IJWSQ,validation
0661-XEYAN,train
5799-JRCZO,train
1921-KYSAY,train
6198-RTPMF,train
2924-KHUVI,test
1925-GMVBW,validation
7881-EVUAD,test
6184-DYUOB,test
9207-ZPANB,validation
5766-XQXMQ,validation
9327-QSDED,test
1656-DRSMG,train
3012-VFFMN,train
2984-AFWNC,train
0640-YJTPY,train
8096-LOIST,train
9764-REAFF,train
3703-VAVCL,validation
7107-UBYKY,train
4881-GQJTW,train
8519-QJGJD,train
7876-DNYAP,train
7905-NJMXS,train
2882-WDTBA,train
2091-GPPIQ,train
6326-MTTXK,train
5071-FBJFS,train
2796-UUZZO,train
2429-AYKKO,train
9798-OPFEM,train
0330-IVZHA,test
3794-NFNCH,test
5193-QLVZB,train
7114-AEOZE,test
2886-KEFUM,train
5522-NYKPB,train
4237-RLAQD,test
9957-YODKZ,train
6518-KZXCB,validation
2245-ADZFJ,test
7776-QGYJC,train
9313-QOLTZ,test
9651-GTSAQ,validation
3186-BAXNB,train
4672-FOTSD,test
0637-YLETY,validation
9818-XQCUV,validation
7338-ERIVA,test
1157-BQCUW,train
8259-NFJTV,train
3223-DWFIO,train
2660-EMUBI,train
6968-GMKPR,validation
4751-ERMAN,test
1436-ZMJAN,test
3292-PBZEJ,test
0799-DDIHE,train
3070-FNFZQ,train
2812-SFXMJ,train
7675-OZCZG,validation
5014-WUQMG,test
5312-TSZVC,train
2003-CKLOR,train
0993-OSGPT,train
9254-RBFON,test
1205-WNWPJ,test
9391-EOYLI,train
7108-DGVUU,train
2782-JEEBU,train
5127-BZENZ,train
2720-FVBQP,test
9906-NHHVC,test
4522-XRWWI,validation
3766-EJLFL,test
5939-SXWHM,validation
8152-UOBNY,train
7351-KYHQH,train
7643-RCHXS,validation
8246-SHFGA,train
8387-MOJJT,train
0620-XEFWH,train
6485-QXWWE,train
2761-OCIAX,test
7321-VGNKU,train
5327-CNLUQ,train
7552-KEYGT,validation
5816-JMLGY,validation
3068-OMWZA,train
2927-QRRQV,train
6032-KRXXO,validation
7459-RRWQZ,train
6265-SXWBU,train
7941-RCJOW,train
6374-NTQLP,test
4154-AQUGT,test
2387-KDZQY,train
3584-WKTTW,train
3399-BMLVW,validation
1971-DTCZB,validation
3092-IGHWF,validation
3374-PZLXD,validation
3813-DHBBB,train
2812-REYAT,test
6518-PPLMZ,train
4939-KYYPY,validation
8017-LXHFA,validation
5930-GBIWP,train
6022-KOUQO,validation
6352-TWCAU,train
2361-UPSND,train
6035-RIIOM,train
2929-QNSRW,train
1262-OPMFY,train
9504-DSHWM,train
5035-BVCXS,train
6267-DCFFZ,train
3533-UVMOM,validation
2439-LYPMQ,test
4248-QPAVC,test
1899-VXWXM,train
1478-VPOAD,train
9995-HOTOH,train
2988-PLAHS,test
1371-OJCEK,validation
4999-IEZLT,validation
8883-ANODQ,train
4690-LLKUA,test
2351-RRBUE,train
5980-BDHPY,train
1498-DQNRX,train
9469-WEJBT,validation
3331-HQDTW,test
9490-DFPMD,train
2581-VKIRT,train
5442-XSDCW,train
7426-WEIJX,test
2851-MMUTZ,train
3049-NDXFL,train
8580-AECUZ,train
3307-TLCUD,train
6625-FLENO,test
2967-MXRAV,test
7963-GQRMY,train
8189-HBVRW,train
4163-KIUHY,train
1228-FZFRV,train
3500-NSDOA,train
1171-TYKUR,train
3761-FLYZI,validation
2058-DCJBE,train
5364-XYIRR,validation
4829-AUOAX,test
1219-NNDDO,train
8388-DMKAE,validation
4403-BWPAY,validation
9659-QEQSY,train
5405-ZMYXQ,train
5047-LHVLY,validation
1442-OKRJE,train
4737-AQCPU,train
9158-VCTQB,train
2808-CHTDM,train
6311-UEUME,train
0793-TWELN,train
3283-WCWXT,train
1060-ENTOF,train
0999-QXNSA,train
5451-MHQOF,train
4836-WNFNO,validation
9225-BZLNZ,validation
0354-VXMJC,train
4422-QVIJA,train
9365-SRSZE,train
6839-ITVZJ,train
8332-OSJDW,train
4735-BJKOU,test
0274-JKUJR,train
5740-YHGTW,train
8917-SZTTJ,train
1696-MZVAU,validation
7359-WWYJV,test
0375-HVGXO,train
4906-ZHGPK,train
8593-WHYHV,test
3795-GWTRD,test
1298-PHBTI,train
6223-DHJGV,test
6961-MJKBO,train
6097-EQISJ,train
4423-YLHDV,train
8158-WPEZG,test
0107-YHINA,validation
4918-FYJNT,train
0727-BNRLG,test
4854-CIDCF,validation
8640-SDGKB,validation
3280-MRDOF,train
6435-SRWBJ,train
9964-WBQDJ,train
6303-KFWSL,train
1702-CCFNJ,train
8932-CZHRQ,validation
0386-CWRGM,train
5515-RUGKN,train
0404-AHASP,train
7279-NMVJC,test
2081-VEYEH,validation
6407-UTSLV,train
4116-TZAQJ,train
9060-HJJRW,validation
2587-YNLES,train
7398-SKNQZ,train
5935-FCCNB,train
1958-RNRKS,train
5136-RGMZO,test
8345-MVDYC,test
8226-BXGES,train
3877-JRJIP,test
8375-DKEBR,test
9705-IOVQQ,train
1015-OWJKI,test
7511-YMXVQ,train
2040-XBAVJ,train
7551-JOHTI,train
8887-IPQNC,train
8646-JCOMS,test
9804-ICWBG,test
1222-KJNZD,train
0106-GHRQR,train
5318-IXUZF,train
3768-VHXQO,validation
8952-WCVCD,train
2418-TPEUN,train
3963-RYFNS,train
3198-VELRD,train
8540-ZQGEA,validation
1320-REHCS,train
4137-JOPHL,test
9436-ZBZCT,train
7801-CEDNV,train
2057-BOYKM,validation
3658-QQJYD,train
1803-BGNBD,train
0134-XWXCE,test
6950-TWMYB,train
5848-FHRFC,train
2243-FNMMI,train
2511-MORQY,test
5356-KZCKT,train
9470-XCCEM,train
6519-CFDBX,train
3902-MIVLE,train
0409-WTMPL,train
8763-KIAFH,test
3669-WHAFY,validation
3055-VTCGS,test
3144-KMTWZ,train
7279-BUYWN,test
7156-MHUGY,train
7198-GLXTC,test
2007-QVGAW,train
5207-PLSTK,test
2307-FYNNL,test
5605-XNWEN,train
2155-AMQRX,test
6181-AXXYF,train
5091-HFAZW,train
0516-VRYBW,train
2519-LBNQL,train
8623-ULFNQ,test
8380-PEFPE,test
5687-DKDTV,train
1568-LJSZU,train
7530-HDYDS,validation
7789-HKSBS,train
7416-CKTEP,train
2586-CWXVV,validation
3096-IZETN,train
2348-KCJLT,train
8401-EMUWF,test
4193-IBKSW,train
5377-NDTOU,validation
5922-ABDVO,train
2474-LCNUE,train
0839-QNXME,train
3506-OVLKD,test
9172-ANCRX,validation
6650-VJONK,train
2178-PMGCJ,test
7492-TAFJD,test
2773-MADBQ,train
6016-LVTJQ,train
7860-KSUGX,train
8966-KZXXA,train
6910-HADCM,test
4816-LXZYW,train
9606-PBKBQ,validation
5149-QYTTU,train
2070-XYMFH,train
2085-BOJKI,train
0817-HSUSE,train
5442-PPTJY,train
1927-QEWMY,test
1663-MHLHE,validation
5663-QBGIS,train
4450-MDZFX,train
6701-DHKWQ,train
7554-AKDQF,train
3536-IQCTX,train
4911-BANWH,validation
8496-EJAUI,train
0794-YVSGE,test
5423-BHIXO,train
6908-VVYHM,train
2959-EEXWB,train
1839-UMACK,train
3030-YDNRM,test
7321-KKSDU,train
3402-XRIUO,validation
3132-TVFDZ,validation
8286-AFUYI,train
8080-DDEMJ,test
8356-WUAOJ,validation
6365-MTGZX,train
1349-WXNGG,train
8058-DMYRU,test
9350-ZXYJC,train
6990-YNRIO,train
8958-JPTRR,validation
6959-GQEGV,validation
3173-WSSUE,train
1265-HVPZB,test
4115-UMJFQ,train
7369-TRPFD,test
1098-KFQEC,train
7190-XHTWJ,train
0621-TWIEM,train
3537-RYBHH,train
2485-ITVKB,test
3669-OYSJI,train
1612-EOHDH,validation
6702-OHFWR,train
5296-BFCYD,test
4510-PYUSH,train
9359-JANWS,validation
7517-SAWMO,validation
4143-HHPMK,train
3279-DYZQM,train
7054-LGEQW,test
0523-VNGTF,train
9575-IWCAZ,train
7105-MXJLL,train
7064-FRRSW,train
7940-UQQUG,train
0923-PNFUB,test
3961-SXAXY,train
7010-BRBUU,train
3566-HJGPK,train
3062-ICYZQ,train
9938-PRCVK,train
0973-KYVNF,validation
5129-HHMZC,validation
9637-CDTKZ,test
3946-JEWRQ,validation
7873-CVMAW,train
0463-WZZKO,test
3494-JCHRQ,validation
6474-FVJLC,train
4524-QCSSM,test
5832-EXGTT,train
8840-DQLGN,test
2039-JONDJ,train
7217-JYHOQ,train
6695-FRVEC,validation
4547-LYTDD,test
9894-QMIMJ,train
8069-YQQAJ,train
6770-XUAGN,test
4193-ORFCL,train
1636-NTNCO,train
3466-WAESX,test
9281-PKKZE,train
3638-VBZTA,train
7459-IMVYU,train
7776-QWNFX,train
6689-TCZHQ,train
8563-OYMQY,train
0754-EEBDC,train
5777-ZPQNC,train
1951-IEYXM,train
3318-NMQXL,train
3143-ILDAL,train
1022-RKXDR,train
2361-FJWNO,train
2272-UOINI,train
8232-UTFOZ,validation
3750-YHRYO,test
6637-KYRCV,validation
5668-MEISB,train
0129-QMPDR,train
7188-CBBBA,train
5356-CSVSQ,train
3221-CJMSG,validation
4720-VSTSI,train
3219-JQRSL,train
2801-NISEI,train
3946-MHCZW,train
4623-ZKHLY,train
6732-VAILE,train
8201-AAXCB,train
7696-CFTAT,train
1845-CSBRZ,train
2123-VSCOT,train
6651-AZVTJ,test
4566-GOLUK,train
2484-DGXPZ,train
2018-QKYGT,validation
2792-VPPET,validation
7409-JURKQ,train
3247-MHJKM,train
1964-SVLEA,train
4587-NUKOX,train
7297-DVYGA,train
2239-CGBUZ,train
0854-UYHZD,train
7243-LCGGZ,train
8267-KFGYD,train
4890-VMUAV,train
9261-WDCAF,validation
3764-MNMOI,validation
7442-YGZFK,train
0420-BWTPW,train
8229-BUJHX,validation
7449-HVPIV,validation
5504-WSIUR,train
8183-ONMXC,train
8466-PZBLH,train
9614-RMGHA,validation
8735-IJJEG,validation
0564-MUUQK,train
5054-IEXZT,train
5834-ASPWA,train
0701-RFGFI,train
0019-EFAEP,test
5619-PTMIK,train
3737-XBQDD,train
5882-CMAZQ,train
5846-QFDFI,train
4445-KWOKW,train
3511-APPBJ,validation
7967-HYCDE,train
2430-RRYUW,validation
3948-XHGNA,train
3723-BFBGR,train
0565-IYCGT,train
5447-WZAFP,train
5110-CHOPY,train
5445-UTODQ,train
4425-OWHWB,train
7892-QVYKW,validation
9675-ICXCT,train
1024-VRZHF,validation
4703-MQYKT,test
9497-QCMMS,train
5692-ICXLW,validation
0602-DDUML,train
2208-MPXIO,train
1960-UYCNN,train
0348-SDKOL,train
3190-FZATL,train
7336-RLLRH,validation
4373-MAVJG,train
8901-HJXTF,train
7710-JSYOA,validation
5419-KLXBN,test
3424-NMNBO,train
9885-MFVSU,validation
4514-GFCFI,validation
0607-MVMGC,train
3365-SAIGS,test
9828-AOQLM,train
8022-BECSI,validation
8000-REIQB,validation
9993-LHIEB,train
0266-CLZKZ,train
7615-ESMYF,train
3858-VOBET,test
7020-OZKXZ,train
3977-QCRSL,validation
0017-DINOC,train
1447-PJGGA,train
8565-CLBZW,validation
9139-WQQDY,test
0224-HJAPT,validation
8086-OVPWV,train
9430-FRQOC,train
7639-OPLNG,train
3074-GQWYX,train
1492-QGCLU,test
6845-RGTYS,test
7328-OWMOM,train
4418-LZMSV,train
5155-AZQPB,test
8861-HGGKB,validation
1087-GRUYI,train
7065-YUNRY,train
7694-VLBWQ,train
2546-KZAAT,validation
0181-RITDD,test
5989-PGKJB,train
4795-KTRTH,validation
8272-ONJLV,train
1488-PBLJN,train
0308-GIQJT,train
3778-FOAQW,train
4452-ROHMO,train
6481-OGDOO,train
3090-LETTY,train
5349-AZPEW,validation
3753-TSEMP,train
8305-VHZBZ,train
9720-JJJOR,test
8100-HZZLJ,validation
8775-ERLNB,test
8309-IEYJD,train
9172-JITSM,validation
6298-QDFNH,validation
7398-HPYZQ,train
3546-GHEAE,validation
7361-YPXFS,train
6557-BZXLQ,test
2550-QHZGP,train
7519-JTWQH,train
2538-OIMXF,train
8543-MSDMF,train
9961-JBNMK,train
1170-SASML,train
4872-JCVCA,train
5346-BZCHP,train
2038-LLMLM,train
6173-ITPWD,train
9734-UYXQI,train
1216-BGTSP,train
4138-NAXED,train
2189-UXTKY,train
0744-BIKKF,train
7483-IQWIB,validation
5248-KWLAR,train
4958-GZWIY,validation
7996-MHXLW,train
7833-PKIHD,train
7061-OVMIM,test
5153-RTHKF,train
1852-QSWCD,train
4832-VRBMR,train
9079-LWTFD,train
6356-ELRKD,train
8624-GIOUT,train
3392-EHMNK,validation
5986-WWXDV,train
3061-BCKYI,train
6179-GJPSO,train
7901-TBKJX,train
7228-PAQPD,validation
3177-LASXD,train
7746-QYVCO,train
5804-HYIEZ,test
9919-FZDED,test
5934-TSSAU,test
3486-KHMLI,validation
4897-QSUYC,train
1084-UQCHV,train
8290-YWKHZ,validation
2955-BJZHG,test
3806-DXQOM,train
6784-XYJAE,test
3933-DQPWX,validation
6661-EIPZC,train
8957-THMOA,train
2251-PYLPB,validation
5555-RNPGT,train
1057-FOGLZ,train
9300-RENDD,train
0761-AETCS,train
8087-LGYHQ,train
4137-BTIKL,validation
2190-BCXEC,test
6227-FBDXH,validation
2153-MREFK,train
2911-WDXMV,test
7206-PQBBZ,validation
3106-ULWFW,train
0925-VYDLG,validation
4547-FZJWE,train
7422-WNBTY,train
0842-IWYCP,train
3521-HTQTV,validation
3744-ZBHON,train
3373-DIUUN,train
8383-SGHJU,train
7607-QKKTJ,train
7707-PYBBH,train
8984-HPEMB,train
4349-GFQHK,train
4139-DETXS,train
9779-DPNEJ,test
9805-FILKB,train
5793-YOLJN,validation
0673-IGUQO,train
4123-FCVCB,train
8819-IMISP,validation
7802-EFKNY,validation
8311-UEUAB,train
5858-EAFCZ,validation
8035-BUYVG,train
1163-ONYEY,train
9787-XVQIU,train
8945-MUQUF,train
5656-MJEFC,validation
6082-OQFBA,train
8051-HJRLT,train
8974-OVACP,train
4010-YLMVT,train
1379-FRVEB,test
8612-GXIDD,train
6288-CHQJB,test
8160-HOWOX,test
3023-GFLBR,train
6648-INWPS,train
4223-BKEOR,test
4079-VTGLK,test
1763-WQFUK,train
1391-UBDAR,train
8894-JVDCV,train
2023-VQFDL,train
1345-GKDZZ,train
2014-MKGMH,train
5628-FCGYG,test
2560-WBWXF,train
0248-IPDFW,train
7978-DKUQH,validation
4335-UPJSI,test
0524-IAVZO,test
2737-YNGYW,test
1784-EZDKJ,validation
9297-FVVDH,train
8007-YYPWD,validation
7101-HRBLJ,train
5159-YFPKQ,test
6635-CPNUN,validation
4021-RQSNY,validation
5453-YBTWV,train
5039-LZRQT,validation
2931-VUVJN,train
9061-TIHDA,train
8699-ASUFO,test
6418-PIQSP,train
8220-OCUFY,validation
3995-WFCSM,validation
1895-QTKDO,test
2038-OEQZH,train
1178-PZGAB,train
7927-AUXBZ,train
2626-VEEWG,validation
2878-RMWXY,train
1657-DYMBM,train
7311-MQJCH,test
7375-WMVMT,test
1136-XGEQU,test
2530-FMFXO,train
6844-DZKRF,train
4695-WJZUE,validation
7619-ODSGN,validation
5970-GHJAW,validation
8879-XUAHX,validation
3689-MOZGR,train
4195-PNGZS,train
5003-XZWWO,train
3988-RQIXO,validation
7622-FWGEW,train
6922-NCEDI,train
2514-GINMM,test
9891-NQDBD,train
6131-IUNXN,train
8548-AWOFC,train
9798-DRYDS,train
8532-UEFWH,test
6296-DDOOR,train
7951-VRDVK,validation
5931-FLJJF,train
4815-YOSUK,validation
2659-VXMWZ,test
0380-NEAVX,validation
3207-OYBWH,test
4285-GYRQC,validation
7216-EWTRS,train
4365-MSDYN,train
7036-TYDEC,test
5802-ADBRC,train
8076-FEZKJ,validation
5197-YPYBZ,train
8337-MSSXB,train
4312-GVYNH,validation
8495-LJDFO,validation
0839-JTCUD,test
5494-WOZRZ,train
1302-UHBDD,test
2234-EOFPT,train
8619-IJNDK,test
8378-LKJAF,test
8182-BJDSI,validation
2528-HFYZX,validation
1153-GNOLC,train
3298-QEICA,train
0788-DXBFY,test
3597-YASZG,train
3496-LFSZU,train
5242-UOWHD,train
2482-CZGBB,test
6479-SZPLM,train
8097-VBQTZ,train
4500-HKANN,test
9917-KWRBE,test
3420-ZDBMA,train
2212-LYASK,test
1393-IMKZG,train
8069-RHUXK,train
3398-GCPMU,train
2908-WGAXL,train
3378-AJRAO,train
1013-QCWAM,train
0866-QLSIR,test
6050-FFXES,train
7181-BQYBV,test
0362-RAOQO,train
9554-DFKIC,train
5527-ACHSO,validation
0829-DDVLK,train
1399-UBQIU,train
1813-JLKWR,train
0336-PIKEI,train
7322-OCWHC,test
9537-VHDTA,test
4957-TIALW,train
2054-PJOCK,validation
9150-HEPMB,train
9030-QGZNL,test
6204-IEUXJ,train
3126-WQMGH,train
4529-CKBCL,train
2506-CLAKW,train
7176-WRTNX,train
1583-IHQZE,train
5732-IKGQH,train
9239-GZHZE,train
7205-BAIAD,test
0151-ONTOV,train
4140-MUHUG,train
0093-EXYQL,train
8064-RAVOH,train
0219-QAERP,train
0320-JDNQG,train
7180-PISOG,test
9168-INPSZ,train
3571-RFHAR,train
0015-UOCOJ,test
5334-AFQJB,test
2754-SDJRD,test
9578-VRMNM,train
1587-FKLZB,test
6140-QNRQQ,train
8963-JLGJT,train
4307-KTUMW,train
1465-LNTLJ,test
5440-FLBQG,validation
2135-DQWAQ,validation
4056-QHXHZ,validation
7470-MCQTK,test
7488-MXJIV,train
7401-JIXNM,test
9339-FIIJL,test
2027-FECZV,test
2672-DZUOY,train
4706-DGAHW,test
3870-MQAMG,train
6670-MFRPK,train
6177-PEVRA,train
4800-CZMPC,train
4813-HQMGZ,train
7579-KKLOE,train
7377-DMMRI,train
8402-EIVQS,train
4947-DSMXK,test
7245-NIIWQ,train
0002-ORFBO,train
3324-OIRTO,test
5414-OFQCB,train
4967-WPNCF,train
8552-OBVRU,train
8499-BRXTD,train
9154-QDGTH,validation
8197-BFWVU,train
2577-GVSIL,train
9367-OIUXP,validation
6770-UAYGJ,train
6463-HHXJR,train
7928-VJYAB,test
1187-WILMM,train
9776-OJUZI,train
1306-RPWXZ,train
8949-JTMAY,train
2774-LVQUS,train
3097-PYWXL,train
2266-SJNAT,train
0869-PAPRP,train
4238-JSSWH,validation
2972-YDYUW,test
1104-FEJAM,validation
2809-ILCYT,train
5499-ECUTN,validation
4981-FLTMF,test
9121-PHQSR,train
3113-IWHLC,validation
3211-ILJTT,train
4612-THJBS,train
4277-BWBML,test
4094-NSEDU,train
0234-TEVTT,train
4304-TSPVK,test
1552-AAGRX,train
2637-FKFSY,train
9796-MVYXX,train
7874-ECPQJ,train
0020-INWCK,validation
7089-RKVSZ,validation
2683-JXWQQ,validation
9548-ZMVTX,validation
8739-XNIKG,test
9755-JHNMN,test
3981-QSVQI,validation
2789-HQBOU,train
9424-CMPOG,train
5067-WJEUN,train
3450-WXOAT,validation
9251-WNSOD,validation
6974-DAFLI,train
2616-UUTFK,train
7064-JHXCE,validation
5103-MHMHY,test
7989-AWGEH,train
4373-VVHQL,train
4559-UWIHT,validation
7268-IGMFD,validation
1846-XWOQN,train
0235-KGSLC,test
6650-BWFRT,train
9570-KYEUA,train
6993-YGFJV,validation
2712-SYWAY,train
0730-BGQGF,train
5498-IBWPI,test
9101-NTIXF,train
0013-SMEOE,train
9314-QDMDW,train
9308-ANMVE,test
2884-GBPFB,validation
3757-NJYBX,train
3413-DHLPB,train
7649-PHJVR,test
6114-TCFID,train
3787-TRIAL,test
2573-GYRUU,train
5156-UMKOW,train
1247-QBVSH,validation
6734-GMPVK,train
9822-OAOVB,train
6161-ERDGD,validation
1226-JZNKR,train
7318-EIVKO,validation
3771-PZOBW,train
5136-KCKGI,train
8231-BSWXX,train
6486-LHTMA,validation
4083-BFNYK,validation
3722-WPXTK,test
7389-KBFIT,train
7176-WIONM,train
5141-ZUVBH,train
1089-HDMKP,train
7623-HKYRK,train
0310-SUCIN,train
5197-PYEPU,train
2929-ERCFZ,train
7548-SEPYI,validation
8835-VSDSE,train
6619-RPLQZ,train
3275-RHRNE,train
3503-TYDAY,train
6901-GOGZG,train
1623-NLDOT,train
7021-XSNYE,train
9621-OUPYD,train
9898-KZQDZ,train
8982-NHAVY,train
4307-KWMXE,validation
0141-YEAYS,validation
2450-ZKEED,train
3694-DELSO,validation
3893-JRNFS,test
9603-OAIHC,train
1133-KXCGE,test
5236-PERKL,test
0142-GVYSN,validation
1049-FYSYG,train
7854-FOKSF,train
2519-FAKOD,train
8406-LNMHF,train
1821-BUCWY,train
8263-JQAIK,train
0023-UYUPN,train
8314-DPQHL,train
1465-WCZVT,train
9481-SFCQY,test
6360-SVNWV,validation
0567-GGCAC,train
7089-IVVAZ,validation
8884-MRNSU,train
2171-UDMFD,test
9050-IKDZA,train
2205-YMZZJ,train
9802-CAQUT,train
1254-IZEYF,validation
0187-WZNAB,train
9492-TOKRI,train
1475-VWVDO,test
9221-OTIVJ,test
1357-MVDOZ,train
7602-MVRMB,train
3325-FUYCG,test
5908-QMGOE,train
1197-BVMVG,train
5406-KGRMX,train
8481-YYXWG,train
5968-HYJRZ,validation
5198-EFNBM,test
7516-GMHUV,validation
7140-ADSMJ,train
2230-XTUWL,test
7706-YLMQA,validation
2585-KTFRE,train
7994-UYIVZ,train
2609-IAICY,test
1740-CSDJP,train
7717-BICXI,test
6559-RAKOZ,test
2636-OHFMN,train
4716-MRVEN,validation
2143-LJULT,validation
1323-OOEPC,train
3200-MNQTF,test
6164-HXUGH,test
5630-IXDXV,train
0320-DWVTU,validation
9135-MGVPY,train
1212-GLHMD,train
7878-JGDKK,train
1088-AUUZZ,test
0397-GZBBC,train
6614-YWYSC,train
9588-OZDMQ,train
7641-EUYET,train
6476-EPYZR,train
9921-ZVRHG,train
1174-FGIFN,test
6620-HVDUJ,train
4701-MLJPN,test
1032-MAELW,train
7641-TQFHN,test
1552-TKMXS,train
9206-GVPEQ,train
8622-ZLFKO,test
1596-BBVTG,train
6188-UXBBR,train
2333-KWEWW,train
5702-SKUOB,train
1134-YWTYF,train
6061-GWWAV,test
0679-TDGAK,train
6585-WCEWR,train
9067-YGSCA,train
9067-SQTNS,test
8433-WXGNA,validation
1776-SPBWV,test
8735-SDUFN,test
9668-PUGNU,validation
9405-GPBBG,test
1926-QUZNN,test
3707-GNWHM,test
7016-NVRIC,train
5829-NVSQN,train
9565-AXSMR,train
8922-LIEGH,validation
8869-LIHMK,validation
8245-UMPYT,test
5186-SAMNZ,test
0447-RXSGD,validation
4927-WWOOZ,test
5788-YPOEG,validation
5373-SFODM,test
0661-KBKPA,test
9081-WWXKP,validation
0784-ZQJZX,train
3133-PZNSR,train
5766-ZJYBB,test
8931-GJJIQ,train
4277-PVRAN,train
0022-TCJCI,validation
0722-SVSFK,validation
3612-YVGSJ,train
9825-YCXWZ,train
5397-NSKQG,train
8565-HBFNN,validation
2000-DHJUY,validation
0203-HHYIJ,validation
8670-ERCJH,train
7758-UJWYS,train
2050-ONYDQ,validation
7055-JCGNI,validation
0739-UUAJR,train
4826-DXMUP,train
0952-KMEEH,test
7285-KLOTR,train
0654-PQKDW,train
7175-NTIXE,train
7963-SHNDT,train
9796-BPKIW,train
0188-GWFLE,train
8129-GMVGI,test
2882-DDZPG,train
3547-LQRIK,train
9137-NOQKA,train
5843-TTHGI,train
1849-RJYIG,validation
8868-GAGIO,train
4061-UKJWL,validation
5380-XPJNZ,test
8263-QMNTJ,validation
8178-EYZUO,train
3230-JCNZS,train
0277-ORXQS,validation
5130-IEKQT,train
3230-WYKIR,train
7996-BPXHY,test
3227-WLKLI,train
0407-BDJKB,validation
2266-FUBDZ,test
8237-ULIXL,train
9600-UDOPK,train
8216-AZUUZ,train
9153-BTBVV,train
4074-SJFFA,train
3269-ATYWD,train
5186-PEIZU,train
1074-AMIOH,test
4910-GMJOT,train
0354-WYROK,train
4361-FEBGN,train
7748-UMTRK,test
0380-ZCSBI,validation
7145-FEJWU,train
6463-MVYRY,train
3969-JQABI,validation
9624-EGDEQ,train
1051-EQPZR,validation
5849-ASHZJ,train
5780-INQIK,validation
7576-OYWBN,train
4526-ZJJTM,test
8384-FZBJK,validation
3750-RNQKR,train
0962-CQPWQ,test
3096-YXENJ,train
1265-BCFEO,train
5837-LXSDN,train
5945-AZYHT,train
8325-QRPZR,train
6384-VMJHP,train
2262-SLNVK,train
7730-CLDSV,validation
1135-HIORI,train
0164-APGRB,test
6481-ESCNL,test
1790-NESIO,validation
1550-EENBN,train
5539-TMZLF,train
4323-SADQS,test
4446-BZKHU,validation
5202-IVJNU,train
5976-JCJRH,train
8198-RKSZG,train
0137-OCGAB,validation
3351-NQLDI,validation
9297-EONCV,train
7593-JNWRU,train
4588-YBNIB,train
1069-QJOEE,validation
3336-JORSO,train
7799-DSEWS,train
8766-PAFNE,validation
5315-CKEQK,validation
3130-ICDUP,validation
0820-FNRNX,train
0880-FVFWF,train
4611-ANLQC,train
4213-HKBJO,test
2792-LSHWX,train
5028-GZLDO,train
0014-BMAQU,train
6861-XWTWQ,test
9018-PCIOK,train
4837-QUSFT,train
6877-TJMBR,validation
9953-ZMKSM,train
0907-HQNTS,validation
7665-NKLAV,validation
6769-DCQLI,train
2433-KMEAS,train
4391-LNRXK,train
8250-ZNGGW,train
2195-ZRVAX,train
3550-SAHFP,train
2011-TRQYE,validation
8562-GHPPI,train
5893-PYOLZ,test
4986-MXSFP,train
6131-FOYAS,train
3027-YNWZU,test
5609-IMCGG,test
4873-ILOLJ,test
4727-MCYZG,validation
9481-WHGWY,train
2725-KXXWT,train
9565-DJPIB,train
4328-VUFWD,train
3301-LSLWQ,train
7473-ZBDSN,train
3166-PNEOF,validation
5639-NTUPK,validation
8780-YRMTT,validation
8348-HFYIV,validation
5140-FOMCQ,test
6242-SGYTS,test
8166-ORCHU,test
8414-OOEEL,train
8454-AATJP,validation
6849-WLEYG,validation
4659-NZRUF,train
4531-AUZNK,validation
4191-XOVOM,validation
2150-OEGBV,test
8429-XIBUM,train
1855-CFULU,test
4878-BUNFV,train
1872-EBWSC,train
2608-BHKFN,train
7026-YMSBE,validation
7341-LXCAF,train
6997-UVGOX,train
9674-EHPPG,test
9462-MJUAW,train
8128-YVJRG,train
5440-VHLUL,test
5781-BKHOP,validation
4283-FUTGF,test
5213-TWWJU,test
1569-TTNYJ,validation
8628-MFKAX,validation
2397-BRLOM,train
7629-WIXZF,test
5445-GLVOT,train
3976-HXHCE,train
2466-NEJOJ,validation
0254-KCJGT,test
5472-CVMDX,validation
6461-SZMCV,train
8150-QUDFX,train
9508-ILZDG,test
2346-DJQTB,validation
1697-LYYYX,test
1942-OQFRW,test
4749-VFKVB,train
9640-ZSLDC,test
4231-LZUYM,train
7598-UAASY,train
7938-OUHIO,train
8510-AWCXC,validation
6128-AQBMT,test
3594-BDSOA,train
0431-APWVY,test
5133-VRSAB,train
5996-DAOQL,train
6838-YAUVY,train
0484-JPBRU,validation
7883-ROJOC,train
0244-LGNFY,train
7274-CGTOD,train
4295-YURET,train
3426-NIYYL,train
8225-BTJAU,train
4635-EJYPD,train
1866-ZSLJM,train
4636-TVXVG,train
4236-UJPWO,validation
9392-XBGTD,validation
3387-VATUS,train
6402-SSEJG,train
1143-NMNQJ,test
1169-SAOCL,validation
1110-KYLGQ,test
9929-PLVPA,train
3518-PZXZQ,train
2371-JUNGC,train
7693-QPEFS,train
0924-BJCRC,train
5074-FBGHB,train
2351-BKRZW,train
4455-BFSPD,validation
0415-MOSGF,validation
1724-BQUHA,validation
3948-KXDUF,test
2323-ARSVR,test
0815-MFZGM,validation
4826-XTSOH,train
5480-XTFFL,validation
8295-FHIVV,train
2495-INZWQ,test
9086-YJYXS,train
1179-INLAT,train
7909-FIOIY,validation
4139-SUGLD,train
6857-VWJDT,test
6351-SCJKT,train
5468-BPMMO,test
5624-BQSSA,train
0197-PNKNK,train
2439-QKJUL,train
1194-SPVSP,test
9534-NSXEM,test
2408-WITXK,train
8929-KSWIH,validation
2250-IVBWA,test
1810-MVMAI,train
9506-UXUSK,train
1229-RCALF,train
3572-UOLYZ,validation
1429-UYJSV,validation
5577-OTWWW,train
6100-QQHEB,train
6366-XIVKZ,test
3470-OBUET,test
2770-NSVDG,test
9375-MHRRS,train
2634-HCZGT,validation
7503-QQRVF,test
4860-YZGZM,validation
6599-GZWCM,train
2691-NZETQ,validation
4404-HIBDJ,train
5533-NHFRF,train
7037-MTYVW,train
4760-THGOT,test
7295-JOMMD,validation
4016-BJKTZ,test
6584-VQMYT,train
9838-BFCQT,train
2790-XUYMV,train
0581-MDMPW,test
5013-SBUIH,train
1023-BQXZE,test
9163-GHAYE,test
3904-UKFRE,train
5353-WILCI,train
0709-TVGUR,train
0058-EVZWM,test
6023-YEBUP,test
7209-JCUDS,test
7009-PCARS,train
0519-DRGTI,train
1017-FBQMM,train
3001-CBHLQ,train
1985-MBRYP,validation
6158-DWPZT,train
9372-TXXPS,test
3259-QMXUN,train
1015-JPFYW,train
6645-MXQJT,validation
4360-QRAVE,train
8433-WPJTV,test
5804-JMYIO,train
3763-GCZHZ,validation
6484-LATFU,validation
7599-NTMDP,validation
0772-GYEQQ,train
0536-ACXIP,test
0936-NQLJU,train
4831-EOBFE,validation
1575-KRZZE,test
3251-YMVWZ,test
4102-OQUPX,train
9170-GYZJC,train
4884-LEVMQ,validation
8857-CUPFQ,train
7610-TVOPG,train
3638-DIMPH,train
1845-ZLLIG,train
8559-WNQZS,validation
3999-QGRJH,validation
1699-UOTXU,train
2454-RPBRZ,train
0635-WKOLD,train
5993-JSUWV,validation
4518-FZBSX,train
5387-ASZNZ,train
6988-CJEYV,validation
2002-MZHWP,train
3097-FQTVJ,train
5465-BUBFA,train
7299-GNVPL,train
9743-DQKQW,train
1215-VFYVK,train
9371-BITHB,train
2265-CYWIV,train
9093-FPDLG,train
0541-FITGH,train
6985-HAYWX,train
7508-KBIMB,train
6838-HVLXG,test
2277-DJJDL,test
1897-OKVMW,validation
5485-ITNPC,train
0233-FTHAV,train
4644-PIZRT,validation
8922-NPKBJ,train
2740-TVLFN,validation
7771-CFQRQ,train
9512-PHSMG,train
6963-EZQEE,train
2452-KDRRH,test
2004-OCQXK,train
5027-QPKTE,validation
4146-SVFUD,validation
1564-HJUVY,train
3617-XLSGQ,validation
7517-LDMPS,train
7244-KXYZN,train
5226-NOZFC,test
2672-HUYVI,validation
1400-WIVLL,train
7508-MYBOG,train
8148-NLEGT,validation
0148-DCDOS,train
8347-GDTMP,test
9992-RRAMN,validation
6746-WAUWT,train
0310-MVLET,test
0428-IKYCP,train
4550-VBOFE,train
2187-PKZAY,test
4003-OCTMP,train
6652-YFFJO,train
7225-IILWY,train
5248-RPYWW,train
7923-IYJWY,train
3170-GWYKC,train
5696-QURRL,train
7409-KIUTL,test
9830-ECLEN,validation
1732-VHUBQ,train
0495-RVCBF,train
2668-TZSPS,test
7854-EDSSA,validation
8869-TORSS,test
7446-SFAOA,train
9522-ZSINC,train
8234-GSZYK,train
6505-OZNPG,train
6164-HAQTX,test
0679-IDSTG,test
7765-LWVVH,train
1658-TJVOA,test
0953-LGOVU,train
2115-BFTIW,train
4692-NNQRU,train
7742-MYPGI,train
0611-DFXKO,train
7780-OTDSO,train
9619-GSATL,train
5622-UEJFI,train
9747-DDZOS,test
0674-DGMAQ,train
6203-HBZPA,test
0484-FFVBJ,test
0301-FIDRB,test
4139-JPIAM,train
2181-TIDSV,train
2761-XECQW,train
1936-CZAKF,test
9453-PATOS,train
0564-JJHGS,train
3348-CFRNX,train
4402-FTBXC,test
1428-GTBJJ,train
2931-XIQBR,train
0106-UGRDO,test
5542-TBBWB,test
1930-QPBVZ,train
2606-PKWJB,train
5322-ZSMZY,train
8059-UDZFY,test
7740-BTPUX,train
5220-AGAAX,train
0208-BPQEJ,train
9435-JMLSX,train
3352-ALMCK,train
5312-IRCFR,train
5294-IMHHT,train
8802-UNOJF,train
6313-GIDIT,train
6176-YJWAS,validation
5310-NOOVA,validation
4526-EXKKN,train
5311-IHLEI,train
3987-KQDDU,train
3404-JNXAX,train
5131-PONJI,train
2845-AFFTX,train
3489-VSFRD,test
3345-JHUEO,validation
5815-HGGHV,validation
5260-UMPWX,train
2249-YPRNG,train
7410-YTJIK,test
4626-GYCZP,train
5649-RXQTV,validation
2674-MIAHT,train
2576-HXMPA,validation
7587-AOVVU,validation
5590-BYNII,train
6898-MDLZW,test
3237-AJGEH,test
4707-YNOQA,train
9357-UJRUN,test
1591-NFNLQ,train
8648-PFRMP,train
7663-CUXZB,test
0258-NOKBL,test
1163-VIPRI,train
2815-CPTUL,train
9348-ROUAI,train
9443-JUBUO,train
0596-BQCEQ,train
1481-ZUWZA,train
3043-TYBNO,validation
4830-FAXFM,test
5906-BFOZT,train
2960-NKRSO,test
8996-ZROXE,train
5598-IKHQQ,train
0397-ZXWQF,test
5266-PFRQK,test
4674-HGNUA,test
6765-MBQNU,train
9786-IJYDL,train
1303-SRDOK,train
3769-MHZNV,train
6295-OSINB,train
3308-MHOOC,train
2309-OSFEU,test
2207-QPJED,train
4177-JPDFU,validation
2239-CFOUJ,test
8046-DNVTL,train
2209-XADXF,validation
6620-JDYNW,validation
1891-FZYSA,train
4770-UEZOX,train
1038-RQOST,test
7613-LLQFO,train
4568-TTZRT,train
9513-DXHDA,train
2640-PMGFL,train
3801-HMYNL,train
0516-QREYC,train
9685-WKZGT,test
6022-UGGSO,test
8084-OIVBS,train
8896-BQTTI,train
3865-QBWSJ,train
3352-RICWQ,train
2160-GPFXD,validation
2065-MMKGR,train
5857-TYBCJ,train
1498-NHTLT,train
4484-CGXFK,train
1402-PTHGN,train
4176-RELJR,validation
6214-EDAKZ,validation
5199-FPUSP,train
6377-KSLXC,validation
1796-JANOW,train
0238-WHBIQ,train
8735-NBLWT,test
6651-RLGGM,train
6127-ISGTU,validation
1614-JBEBI,train
8740-XLHDR,train
1208-DNHLN,validation
1761-AEZZR,train
3923-CSIHK,test
5696-EXCYS,train
5795-KTGUD,train
7120-RFMVS,train
7924-GJZFI,train
4702-HDRKD,test
8512-WIWYV,validation
5897-ZYEKH,train
5456-ITGIC,train
7317-GGVPB,train
1406-PUQVY,train
1322-AGOQM,train
3677-IYRBF,test
5692-FPTAH,test
9114-AAFQH,train
8715-KKTFG,validation
1550-LOAHA,test
1728-BQDMA,train
0268-QKIWO,train
0876-WDUUZ,test
5117-ZSMHQ,train
5151-HQRDG,train
0960-HUWBM,train
6465-GSRCL,train
0617-FHSGK,validation
0263-FJTQO,test
7319-ZNRTR,train
2858-MOFSQ,train
7503-EPSZW,train
7089-XXAYG,train
8118-LSUEL,validation
8070-AAWZP,train
1666-JXLKU,train
7855-DIWPO,test
5133-POWUA,test
5652-MSDEY,train
7005-CCBKV,test
1810-BOHSY,train
1784-BXEFA,test
7351-MHQVU,train
9224-VTYID,validation
9500-IWPXQ,validation
5762-TJXGK,train
4504-YOULA,train
5569-IDSEY,validation
4250-FDVOU,validation
7284-ZZLOH,validation
5277-ZLOOR,train
2141-RRYGO,train
1777-JYQPJ,train
6376-GAHQE,test
3401-URHDA,train
1599-EAHXY,validation
8631-XVRZL,validation
5052-PNLOS,test
3853-LYGAM,train
6979-ZNSFF,test
5751-USDBL,test
5680-LQOGP,train
2386-LAHRK,test
8189-DUKMV,train
6032-IGALN,train
9931-DCEZH,train
1898-JSNDC,train
0315-LVCRK,validation
3911-RSNHI,train
2410-CIYFZ,train
4248-HCETZ,train
5505-OVWQW,test
7271-AJDTL,train
1867-TJHTS,train
0516-WJVXC,train
9174-FKWZE,train
6860-YRJZP,validation
4429-WYGFR,validation
2817-LVCPP,train
5038-ETMLM,train
5056-FIMPT,validation
4521-WFJAI,test
6569-KTMDU,train
8809-RIHDD,train
8809-XKHMD,test
0396-YCHWO,train
0867-LDTTC,validation
4822-NGOCH,validation
9391-DXGGG,validation
9844-FELAJ,test
2122-SZZZD,validation
5307-DZCVC,validation
3148-AOIQT,train
8679-JOEVF,validation
8395-ETZKQ,train
6692-YQHXC,validation
3889-VWBID,train
5222-JCXZT,train
9754-CLVZW,train
1432-FPAXX,train
2739-CCZMB,validation
7080-TNUWP,validation
0496-AHOOK,train
8336-TAVKX,train
2468-SJFLM,train
3181-VTHOE,train
7168-HDQHG,train
4803-AXVYP,validation
3884-HCSWG,validation
4567-AKPIA,train
5077-DXTCG,train
1142-WACZW,train
7901-HXJVA,train
5649-ANRML,train
4892-VLANZ,test
5924-IFQTT,train
7968-QUXNS,train
2919-HBCJO,test
4236-XPXAV,train
8903-WMRNW,train
2452-SNHFZ,train
3629-WEAAM,train
6029-CSMJE,train
7993-NQLJE,validation
9909-DFRJA,test
9099-FTUHS,train
0581-BXBUB,test
4962-CHQPW,test
9467-ROOLM,train
3030-YZADT,train
7410-KTVFV,test
5150-ITWWB,train
2253-KPMNB,train
1345-ZUKID,train
6429-SHBCB,test
9281-OFDMF,validation
2603-HVKCG,train
1834-WULEG,train
9097-ZUBYC,test
5148-ORICT,train
4893-GYUJU,validation
4578-PHJYZ,train
7272-QDCKA,train
8908-SLFCJ,validation
8393-DLHGA,test
9766-HGEDE,train
6968-MHOMU,test
7395-IGJOS,train
5044-XDPYX,validation
1814-WFGVS,validation
2834-SPCJV,train
3721-WKIIL,validation
6734-CKRSM,validation
1265-ZFOSD,train
6568-POCUI,test
7890-VYYWG,train
5197-LQXXH,validation
9907-SWKKF,test
3457-PQBYH,train
7682-AZNDK,train
0587-DMGBH,validation
5384-ZTTWP,validation
3745-HRPHI,train
7636-OWBPG,train
1231-YNDEK,train
1407-DIGZV,validation
6397-JNZZG,train
0570-BFQHT,train
4393-OBCRR,train
3523-QRQLL,test
8564-LDKFL,train
3696-DFHHB,validation
0895-DQHEW,train
4717-GHADL,test
5501-TVMGM,test
5879-HMFFH,train
6772-WFQRD,train
3810-DVDQQ,train
6972-SNKKW,train
3694-GLTJM,test
8550-XSXUQ,train
8149-RSOUN,train
9055-MOJJJ,train
4359-INNWN,test
0585-EGDDA,train
4032-RMHCI,train
0549-CYCQN,validation
3481-JHUZH,validation
7250-EQKIY,test
3594-IVHJZ,test
6869-FGJJC,train
3896-ZVNET,train
8205-VSLRB,train
5960-MVTUK,validation
6817-WTYHE,train
3082-VQXNH,train
4013-UBXWQ,train
4931-TRZWN,train
0750-EKNGL,train
7669-LCRSD,test
3567-PQTSO,test
5519-NPHVG,train
8043-PNYSD,train
9938-EKRGF,train
2703-AMTUL,train
0928-JMXNP,train
8173-RXAYP,test
4825-XJGDM,train
5402-HTOTQ,test
6734-JDTTV,train
7850-THJMU,validation
3890-RTCMS,train
8849-GYOKR,test
3148-BLQJT,train
3717-FDJFU,test
3665-JATSN,validation
7966-YOTQW,train
0461-CVKMU,validation
8806-EAGWC,validation
8853-TZDGH,train
7779-LGOVN,train
4324-BZCKL,validation
6924-TDGMT,train
9710-ZUSHQ,test
1536-YHDOE,train
8123-QBNAZ,train
3629-ZNKXA,validation
4827-LTQRJ,train
7711-YIJWC,train
5482-VXSXJ,train
7365-BVCJH,validation
9620-ENEJV,train
4183-WCSEP,train
2378-YIZKA,train
5498-TXHLF,train
0689-DSXGL,train
6818-DJXAA,validation
9722-UJOJR,train
0464-WJTKO,train
8902-ZEOVF,validation
6778-EICRF,train
2662-NNTDK,train
4132-KALRO,validation
3902-FOIGH,train
6772-KSATR,validation
7112-OPOTK,train
2874-YXVVA,train
1245-HARPS,validation
4210-QFJMF,validation
4323-ELYYB,train
4293-ETKAP,train
6064-PUPMC,validation
6504-VBLFL,validation
6322-PJJDJ,train
0330-BGYZE,train
1085-LDWAM,test
7586-ZATGZ,train
7197-VOJMM,train
3318-OSATS,train
5828-AVIPD,test
1843-TLSGD,train
9626-VFRGG,train
7075-BNDVQ,train
9143-CANJF,test
7284-BUYEC,train
2041-JIJCI,test
1086-LXKFY,train
4900-MSOMT,validation
2229-VWQJH,validation
9194-GFVOI,train
1336-EZFZY,train
4282-MSACW,train
1403-LKLIK,train
2636-ALXXZ,train
7774-OJSXI,validation
7786-WBJYI,validation
0136-IFMYD,train
5144-TVGLP,test
9643-AVVWI,test
0253-ZTEOB,validation
2706-QZIHY,train
6061-PQHMK,train
9885-CSMWE,train
6137-MFAJN,train
9122-UMROB,test
4232-JGKIY,train
2402-TAIRZ,validation
9659-ZTWSM,train
9139-TWBAS,train
6685-GBWJZ,test
5016-ETTFF,train
3866-MDTUB,validation
2195-VVRJF,test
3913-RDSJZ,train
8058-JMEQO,train
4203-QGNZA,train
5043-TRZWM,train
0697-ZMSWS,train
7657-DYEPJ,train
9494-BDNNC,validation
1640-PLFMP,train
5366-OBVMR,train
8276-MQBYC,train
7644-OMVMY,train
7593-XFKDI,train
4573-JKNAE,train
0337-CNPZE,train
9817-APLHW,validation
8380-MQINP,train
0840-DFEZH,validation
1513-XNPPH,train
8690-ZVLCL,train
6015-VVHHE,train
1125-SNVCK,train
0384-LPITE,train
4616-EWBNJ,train
6347-DCUIK,train
1335-HQMKX,train
2545-EBUPK,test
6923-AQONU,train
2172-EJXVF,train
0897-FEGMU,train
7663-RGWBC,test
1120-BMWUB,validation
9124-LHCJQ,train
4536-PLEQY,train
7029-IJEJK,validation
8871-JLMHM,train
2235-ZGKPT,validation
3891-PUQOD,test
5447-VYTKW,train
3623-FQBOX,test
0689-NKYLF,train
8659-HDIYE,train
3658-KIBGF,test
3474-BAFSJ,validation
5519-YLDGW,train
3865-ZFZIB,test
1855-AGAWH,validation
7109-CQYUZ,train
1370-GGAWX,test
4680-KUTAJ,train
5307-UVGNB,validation
4946-EDSEW,test
2883-ILGWO,train
2516-VQRRV,train
7580-UGXNC,train
3642-BYHDO,test
9629-NHXFW,test
2696-RZVZW,test
5766-FTRTS,train
0396-HUJBP,train
5178-LMXOP,test
8879-ZKJOF,validation
6285-FTQBF,train
8185-UPYBR,train
4585-HETAI,validation
7526-BEZQB,train
1474-JUWSM,train
3530-CRZSB,validation
8498-XXGWA,train
9617-INGJY,train
0621-TSSMU,train
7234-KMNRQ,train
7636-PEPNS,test
4683-WYDOU,train
9052-DHNKM,test
6794-HKIAJ,validation
5578-NKCXI,train
1642-HMARX,train
3096-WPXBT,test
8434-PNQZX,validation
5950-AAAGJ,train
4299-OPXEJ,test
4951-UKAAQ,train
9618-LFJRU,validation
6693-DJWTY,train
0744-GKNGE,train
6447-EGDIV,validation
1167-OYZJF,train
2108-YKQTY,test
4806-DXQCE,validation
4918-QLLIW,train
7056-IMHCC,test
4854-SSLTN,train
5294-DMSFH,train
4837-PZTIC,train
1625-JAIIY,train
0603-OLQDC,train
3272-VUHPV,train
4176-FXYBO,validation
1063-DHQJF,test
8663-UPDGF,validation
6719-FGEDO,train
1837-YQUCE,train
2947-DOMLJ,train
4112-LUEIZ,train
0369-ZGOVK,train
4510-HIMLV,train
9919-KNPOO,validation
8749-JMNKX,train
7872-BAAZR,validation
9391-LMANN,train
2430-USGXP,train
8174-TBVCF,train
1698-XFZCI,train
1877-HKBQX,train
4450-DLLMH,train
0428-AXXLJ,validation
2746-DIJLO,test
5955-ERIHD,train
0917-EZOLA,train
3508-VLHCZ,test
4086-ATNFV,test
0468-YRPXN,train
5996-NRVXR,validation
3739-YBWAB,train
7047-FWEYA,validation
2000-MPKCA,train
9762-YAQAA,train
5949-EBSQK,test
5473-KHBPS,test
0100-DUVFC,train
5397-TUPSH,train
8950-MTZNV,train
0326-VDYXE,train
6773-LQTVT,test
7274-RTAPZ,train
0436-TWFFZ,train
8566-YPRGL,train
0311-UNPFF,train
6609-MXJHJ,train
2669-OIDSD,validation
8400-WZICQ,test
3834-XUIFC,validation
9576-SYUHJ,test
0410-IPFTY,test
2831-EBWRN,train
9430-NKQLY,test
8414-MYSHR,train
0247-SLUJI,train
9402-ORRAH,train
6483-OATDN,test
1293-HHSHJ,train
4840-ORQXB,test
7599-FKVXZ,validation
3982-DQLUS,train
8610-ZIKJJ,train
3756-VNWDH,test
7801-KICAO,train
7673-LPRNY,validation
8229-TNIQA,train
6060-QBMGV,validation
7339-POGZN,train
2828-SLQPF,test
4465-VDKIQ,train
2921-XWDJH,train
6221-AVQYL,validation
2558-BUOZZ,train
9257-AZMTZ,validation
0003-MKNFE,train
0975-UYDTX,train
7743-EXURX,train
4682-BLBUC,train
0975-VOOVL,train
5968-VXZLG,validation
5569-KGJHX,train
4988-IQIGL,train
5201-FRKKS,train
9799-CAYJJ,train
7730-IUTDZ,train
0426-TIRNE,train
5443-SCMKX,train
8295-KMENE,train
6738-ISCBM,validation
9821-BESNZ,train
3678-MNGZX,train
1335-NTIUC,test
2916-BQZLN,train
4558-CGYCZ,validation
2368-GAKKQ,test
8710-YGLWG,train
3199-XGZCY,test
3785-KTYSH,train
6814-ZPWFQ,test
4063-EIKNQ,validation
6993-YCOBK,test
5206-HPJKM,validation
7587-RZNME,test
0748-RDGGM,validation
8393-JMVMB,train
5019-GQVCR,validation
6036-TTFYU,train
2550-AEVRU,train
0969-RGKCU,train
0378-CJKPV,train
4706-AXVKM,test
5889-JTMUL,test
9026-RNUJS,validation
3746-EUBYR,train
2332-EFBJY,validation
2880-FPNAE,train
1703-MGIAB,train
4311-QTTAI,validation
9474-PHLYD,train
4318-RAJVY,validation
2165-VOEGB,test
3612-YUNGG,train
2254-DLXRI,test
5062-CJJKH,test
9028-LIHRP,train
2219-MVUSO,train
1053-MXTTK,train
1530-ZTDOZ,test
1301-LOPVR,train
0853-TWRVK,train
8914-RBTSB,test
6212-ATMLK,validation
8200-LGKSR,train
1568-BEKZM,test
0670-ANMUU,train
6897-RWMUB,train
0963-ZBDRN,test
7594-RQHXR,validation
6999-CHVCF,train
6134-KWTBV,test
1077-HUUJM,test
6331-EWIEB,validation
0895-LNKRC,validation
2045-BMBTJ,train
8417-GSODA,validation
5171-EPLKN,validation
4452-QIIEB,train
5998-VVEJY,train
1624-NALOJ,train
6741-EGCBI,validation
7820-ZYGNY,train
4317-VTEOA,test
9677-AVKED,validation
1670-SVOWZ,train
2227-JRSJX,test
9847-HNVGP,train
6696-YDAYZ,train
8980-WQFWL,train
1730-ZMAME,validation
6506-EYCNH,train
4634-JLRJT,validation
9501-UKKNL,train
2560-QTSBS,train
7541-YLXCL,train
4795-WRNVT,train
6080-TCMYC,test
0260-ZDLGK,validation
7860-UXCRM,train
6357-JJPQT,train
2292-XQWSV,train
9552-TGUZV,validation
5913-INRQV,train
8722-NGNBH,train
6210-KBBPI,train
9643-YBLUR,train
8734-FNWVH,validation
9447-YPTBX,train
0133-BMFZO,validation
6128-CZOMY,train
9540-JYROE,validation
9026-LHEVG,train
2260-USTRB,train
3656-TKRVZ,validation
7011-CVEUC,validation
6185-TASNN,validation
7925-PNRGI,train
8623-TMRBY,validation
1552-CZCLL,train
3038-PQIUY,train
1501-SGHBW,train
9313-CDOGY,test
8148-BPLZQ,train
2623-DRYAM,train
9987-LUTYD,validation
3208-YPIOE,train
4488-KQFDT,train
2612-RANWT,train
5693-PIPCS,train
0491-KAPQG,train
1925-LFCZZ,train
8039-EQPIM,validation
6900-PXRMS,train
8707-RMEZH,train
3346-BRMIS,train
3209-ZPKFI,train
6479-VDGRK,train
9373-WSLOY,train
2933-FILNV,validation
3569-JFODW,train
9819-FBNSV,test
9544-PYPSJ,test
1591-XWLGB,train
0396-UKGAI,train
3243-ZHOHY,train
5186-EJEGL,test
7527-QNRUS,validation
9986-BONCE,test
2722-JMONI,validation
2203-GHNWN,test
3878-AVSOQ,train
3258-SYSWS,train
5296-PSYVW,train
6319-QSUSR,train
4083-EUGRJ,validation
7579-OOPEC,test
0512-FLFDW,train
1771-OADNZ,validation
0487-CRLZF,train
2107-FBPTK,train
9451-WLYRI,train
8219-VYBVI,test
1991-VOPLL,validation
9738-QLWTP,validation
1016-DJTSV,test
9419-IPPBE,train
0174-QRVVY,test
5699-BNCAS,train
2900-PHPLN,train
0612-RTZZA,validation
8106-GWQOK,train
8751-EDEKA,validation
6878-GGDWG,train
4039-PIMHX,test
8450-LUGUK,train
3604-WLABM,test
0795-GMVQO,validation
2259-OUUSZ,train
1142-IHLOO,train
6410-LEFEN,train
4633-MKHYU,train
6257-RJOHI,test
1545-JFUML,test
3194-ORPIK,train
7826-VVKWT,train
1353-GHZOS,train
2587-EKXTS,test
5442-BXVND,test
8816-VXNZD,train
9378-FXTIZ,test
1723-HKXJQ,train
7825-GKXMW,train
9753-OYLBX,train
2364-UFROM,train
6656-JWRQX,train
6473-ULUHT,test
1240-KNSEZ,test
0836-SEYLU,train
4433-JCGCG,train
3716-BDVDB,test
7688-AWMDX,train
2842-BCQGE,train
7244-QWYHG,train
5899-MQZZL,train
6849-OYAMU,train
5312-UXESG,validation
9488-HGMJH,validation
6038-GCYEC,train
2150-WLKUW,train
7159-FVYPK,validation
7032-LMBHI,test
1150-WFARN,test
6088-BXMRG,train
3144-AUDBS,validation
4821-SJHJV,validation
7346-MEDWM,validation
1137-DGOWI,train
5616-PRTNT,train
3812-LRZIR,test
4818-QIUFN,test
9483-GCPWE,test
4227-OJHAL,test
9220-CXRSC,train
4993-JCRGJ,test
9537-JALFH,test
6698-OXETB,test
2103-ZRXFN,validation
3724-BSCVH,train
4877-TSOFF,test
9209-NWPGU,test
6961-VCPMC,train
7306-YDSOI,train
5288-AHOUP,train
6688-UZPWD,train
0655-YDGFJ,validation
8468-EHYJA,train
6823-SIDFQ,test
1097-FSPVW,test
2839-RFSQE,test
8328-SKJNO,validation
7010-ZMVBF,test
5201-CBWYG,validation
0968-GSIKN,train
1965-DDBWU,test
9057-SIHCH,test
6352-GIGGQ,validation
3635-QQRQD,train
6771-XWBDM,train
2897-DOVND,train
3082-YVEKW,train
0191-EQUUH,validation
7134-HBPBS,train
3489-HHPFY,validation
2926-JEJJC,test
8601-QACRS,test
4950-BDEUX,train
5789-LDFXO,train
0508-OOLTO,train
2984-TBYKU,train
9822-WMWVG,test
2391-SOORI,test
9040-KZVWO,test
2645-QTLMB,train
4806-HIPDW,validation
1548-ARAGG,train
6339-RZCBJ,train
4424-TKOPW,train
4415-WNGVR,train
2522-AHJXR,test
0412-UCCNP,train
1816-FLZDK,test
7096-UCLNH,train
8443-ZRDBZ,test
9136-ALYBR,train
4615-PIVVU,train
8885-QSQBX,train
7479-NITWS,train
8617-ENBDS,train
9385-NXKDA,test
0430-IHCDJ,test
2959-MJHIC,test
6674-KVJHG,train
1814-DKOLC,validation
4201-JMNGR,train
9351-HXDMR,test
3537-HPKQT,train
2129-ALKBS,test
5821-MMEIL,validation
5960-WPXQM,train
0684-AOSIH,train
8260-NGFNY,train
1309-XGFSN,train
1866-RZZQS,validation
6968-URWQU,test
4742-TXUEX,test
9631-XEYKE,train
8631-NBHFZ,train
1335-MXCSE,train
8873-TMKGR,test
8800-JOOCF,train
1469-LBJQJ,train
4958-XCBDQ,train
8337-UPOAQ,train
0064-YIJGF,train
2386-OWURY,test
1725-IQNIY,train
0310-VQXAM,train
6598-RFFVI,test
3453-RTHJQ,train
6712-OAWRH,test
6278-FEPBZ,train
4280-DLSHD,train
1508-DFXCU,train
8614-VGMMV,train
7868-BGSZA,train
2800-QQUSO,test
2930-UOTMB,test
7973-DZRKH,train
5914-DVBWJ,train
7698-YFGEZ,validation
2533-QVMSK,test
9773-PEQBZ,train
8644-XLFBW,train
0650-BWOZN,train
8625-AZYZY,train
7785-RDVIG,train
9602-WCXPI,validation
2903-YYTBW,validation
3620-MWJNE,train
8573-JGCZW,test
6837-HAEVO,train
6701-YVNQG,test
9306-CPCBC,train
4304-XUMGI,train
9504-YAZWB,validation
8819-ZBYNA,test
6174-NRBTZ,train
9481-IEBZY,validation
1833-VGRUM,train
6137-NICCO,test
9065-ZCPQX,train
6402-EJMWF,test
3620-EHIMZ,train
3213-VVOLG,train
6870-ECSHE,train
8747-UDCOI,train
8374-XGEJJ,train
2656-TABEH,train
6946-LMSQS,test
4626-OZDTJ,train
9169-BSVIN,train
2325-ZUSFD,test
8194-PEEBY,validation
6872-HXFNF,test
3932-CMDTD,test
7714-YXSMB,train
8387-UGUSU,train
1080-BWSYE,train
4039-HEUNW,train
1194-HVAIF,train
0812-WUPTB,train
3594-UVONA,test
0004-TLHLJ,test
1767-TGTKO,validation
8439-LTUGF,train
8805-JNRAZ,test
5089-IFSDP,train
6418-HNFED,test
0206-OYVOC,train
7291-CDTMJ,validation
7128-GGCNO,train
0237-YFUTL,validation
7691-KGKGP,train
6710-HSJRD,test
3675-EQOZA,test
0840-DCNZE,train
1732-FEKLD,train
9862-KJTYK,validation
0479-HMSWA,validation
5854-KSRBJ,train
0365-BZUWY,validation
4817-VYYWS,test
5701-SVCWR,validation
3129-AAQOU,train
4922-CVPDX,train
1396-QWFBJ,train
1357-BIJKI,test
1099-BTKWT,train
5299-SJCZT,validation
2018-PZKMU,train
7340-KEFQE,train
4570-QHXHL,test
2403-BCASL,validation
7392-YYPYJ,train
2898-LSJGD,train
2223-GDSHL,train
7359-PTSXY,train
9470-RTWDV,train
2176-OSJUV,train
9348-YVOMK,train
8104-OSKWT,validation
4521-YEEHE,train
4090-KPJIP,test
3786-WOVKF,validation
4503-BDXBD,validation
6086-ESGRL,validation
2592-HODOV,train
3886-CERTZ,train
7995-ZHHNZ,train
3824-RHKVR,validation
5816-SCGFC,train
5989-AXPUC,train
4979-HPRFL,validation
8590-OHDIW,test
8015-IHCGW,test
2332-TODQS,test
9278-VZKCD,test
8008-OTEZX,train
2773-OVBPK,train
5999-LCXAO,train
5206-XZZQI,train
4803-LBYPN,train
5759-RCVCB,test
6372-RFVNS,test
2139-FQHLM,test
8261-GWDBQ,train
1093-YSWCA,validation
8938-UMKPI,test
0991-BRRFB,validation
3882-IYOIJ,train
8749-TZYEC,validation
1755-FZQEC,validation
3115-JPJDD,validation
5600-KTXFM,train
3871-IKPYH,train
6319-IEJWJ,test
9025-AOMKI,validation
6339-TBELP,train
7964-YESJC,validation
6173-GOLSU,test
5275-SQEIZ,train
7716-YTYHG,train
9938-ZREHM,train
7950-XWOVN,train
4390-KYULV,train
4647-MUZON,test
9702-AIUJO,train
8849-PRIQJ,validation
8851-RAGOV,validation
1304-NECVQ,train
5396-IZEPB,train
1729-VLAZJ,test
8285-ABVLB,train
0701-TJSEF,test
5712-VBOXD,train
6629-LADHQ,train
8945-GRKHX,train
1559-DTODC,test
4797-MIWUM,train
6959-UWKHF,train
8720-RQSBJ,validation
4537-CIBHB,test
3815-SLMEF,train
5154-VEKBL,train
4324-AHJKS,validation
4355-CVPVS,train
4495-LHSSK,train
5655-JSMZM,validation
5915-ANOEI,train
9861-PDSZP,train
4505-EXZHB,train
7225-CBZPL,train
6704-UTUKK,test
4587-VVTOX,test
2019-HDCZY,test
4652-NNHNY,train
8788-DOXSU,validation
7404-JLKQG,test
7421-ZLUPA,train
8972-HJWNV,train
3274-NSDWE,train
2632-IVXVF,train
3692-JHONH,validation
8915-NNTRC,test
5914-GXMDA,validation
7463-IFMQU,train
2920-RNCEZ,train
2541-YGPKE,test
8515-OCTJS,validation
5382-TEMLV,train
3441-CGZJH,train
9592-ERDKV,train
2860-RANUS,test
5261-QSHQM,train
4778-IZARL,train
0432-CAJZV,test
7008-LZVOZ,train
8868-WOZGU,train
1200-TUZHR,validation
9365-CSLBQ,test
1334-FJSVR,train
5884-FBCTL,train
7130-CTCUS,test
6242-FEGFD,validation
7625-XCQRH,train
6194-HBGQN,test
7634-WSWDB,train
6986-IXNDM,train
1731-TVIUK,test
2987-BJXIK,test
9769-TSBZE,validation
0406-BPDVR,train
0618-XWMSS,train
1395-WSWXR,train
6023-GSSXW,validation
6752-APNJL,train
5276-KQWHG,train
0420-HLGXF,validation
7446-KQISO,validation
9823-EALYC,train
0582-AVCLN,train
5803-NQJZO,test
2565-JSLRY,train
2607-DHDAK,train
1073-XXCZD,train
0743-HRVFF,test
4006-HKYHO,train
3727-JEZTU,train
8143-ETQTI,train
6689-KXGBO,validation
9667-TKTVZ,train
3657-COGMW,train
8570-KLJYJ,test
7754-IXRMC,validation
9473-CBZOP,test
2969-WGHQO,test
6615-NGGZJ,train
4334-HOWRP,train
4255-DDUOU,train
5863-OOKCL,test
1686-STUHN,train
1329-VHWNP,train
2984-MIIZL,train
0266-GMEAO,train
5590-YRFJT,train
5574-NXZIU,test
0019-GFNTW,validation
4256-ZWTZI,test
8309-PPCED,train
4098-NAUKP,validation
5196-WPYOW,train
4608-LCIMN,train
1485-YDHMM,train
4054-CUMIA,train
0603-TPMIB,train
2525-GVKQU,test
8161-QYMTT,test
9581-GVBXT,train
5862-BRIXZ,train
5404-GGUKR,train
3308-JSGML,train
2126-GSEGL,validation
3677-TNKIO,train
0440-QEXBZ,test
2434-EEVDB,validation
6762-QVYJO,train
6199-IWKGC,train
2675-DHUTR,validation
8152-VETUR,train
9667-EQRXU,train
7446-YPODE,validation
9522-BNTHX,train
4676-WLUHT,train
3329-WDIOK,train
7980-MHFLQ,validation
2873-ZLIWT,train
3415-TAILE,train
0757-WCUUZ,train
1629-DQQVB,test
1915-IOFGU,train
3045-XETSH,train
0374-AACSZ,train
7239-HZZCX,test
4872-VXRIL,train
9140-CZQZZ,train
3423-HHXAO,train
9938-TKDGL,train
0531-ZZJWQ,test
6537-QLGEX,train
2688-BHGOG,validation
7683-CBDKJ,train
0946-CLJTI,train
3160-TYXLT,train
1325-USMEC,validation
0916-QOFDP,train
0628-CNQRM,test
5606-AMZBO,test
6199-IPCAO,train
7665-TOALD,validation
0112-QWPNC,train
0324-BRPCJ,train
2777-PHDEI,validation
5640-CAXOA,train
2235-EZAIK,train
3847-BAERP,test
1196-AMORA,train
4282-YMKNA,train
1453-RZFON,train
8263-OKETD,train
0670-KDOMA,train
2476-YGEFM,train
8687-BAFGU,train
0641-EVBOJ,train
0829-XXPLX,train
9974-JFBHQ,train
5356-RHIPP,train
6624-JDRDS,train
0608-JDVEC,test
9780-FKVVF,train
1919-RTPQD,train
5214-NLTIT,train
3345-PBBFH,train
5055-BRMNE,validation
9189-JWSHV,train
2190-PHBHR,train
2650-GYRYL,validation
0746-JTRFU,validation
5208-FVQKB,validation
7184-LRUUR,train
6627-CFOSN,train
3982-JGSFD,test
1574-DYCWE,test
7247-XOZPB,train
2466-FCCPT,train
6211-WWLTF,train
4826-TZEVA,validation
6016-NXBNJ,train
9138-EFSMO,test
0576-WNXXC,test
4632-XJMEX,train
8910-LEDAG,train
3452-GWUIN,validation
2716-GFZOR,train
3724-UCSHY,train
8626-XHBIE,validation
4628-CTTLA,train
3192-LNKRK,train
4439-YRNVD,validation
2876-VBBBL,train
6834-NXDCA,test
2208-UGTGR,train
3005-TYFRD,train
8670-MEFCP,train
3079-BCHLN,train
7777-UNYHB,train
5597-GLBUC,train
7278-CKDNC,test
2748-MYRVK,test
8450-UYIBU,validation
2969-VAPYH,train
4822-YCXMX,train
7181-OQCUT,test
8474-UMLNT,train
9821-POOTN,validation
3836-FZSDJ,test
9142-XMYJH,test
6559-ILWKJ,validation
0187-QSXOE,train
7733-UDMTP,test
2649-HWLYB,test
5214-CHIWJ,train
4229-CZMLL,test
6904-JLBGY,train
2465-BLLEU,train
1685-VAYJF,train
8874-EJNSR,train
6917-YACBP,train
5049-MUBWG,test
4223-WOZCM,test
0769-MURVM,test
9253-VIFJQ,train
7030-FZTFM,validation
9741-YLNTD,test
5917-RYRMG,test
5120-ZBLAI,validation
1194-BHJYC,train
3663-MITLP,train
0906-QVPMS,train
9025-ZRPVR,test
1905-OEILC,validation
7858-GTZSP,train
3285-UCQVC,train
6248-BSHKG,test
4685-TFLLS,train
3470-BTGQO,train
1209-VFFOC,train
8224-DWCKX,train
5482-PLVPE,validation
4553-DVPZG,train
4902-OHLSK,train
6917-IAYHD,train
0495-ZBNGW,train
8620-RJPZN,test
7572-KPVKK,test
2642-MAWLJ,train
2357-COQEK,train
7103-ZGVNT,train
3737-GCSPV,validation
2027-WKXMW,train
7137-NAXML,train
2428-ZMCTB,test
2961-VNFKL,train
1768-HNVGJ,train
6963-KQYQB,train
5934-RMPOV,train
1207-BLKSA,validation
4088-YLDSU,validation
8316-BBQAY,train
1166-PQLGG,test
3146-JTQHR,train
4291-YZODP,train
4395-PZMSN,validation
6427-FEFIG,train
0017-IUDMW,test
8706-HRADD,train
9955-QOPOY,validation
4385-ZKVNW,train
5446-DKWYW,test
2034-CGRHZ,train
5797-APWZC,train
3683-QKIUE,validation
4228-ZGYUW,validation
9031-ZVQPT,train
2990-IAJSV,test
8107-KNCIM,train
9027-YFHQJ,validation
5176-LDKUH,validation
4644-OBGFZ,validation
7926-IJOOU,train
6480-YAGIY,train
4029-HPFVY,test
7602-DBTOU,test
5345-BMKWB,train
3519-ZKXGG,test
5457-COLHT,test
6416-TVAIH,validation
5451-YHYPW,train
5108-ADXWO,train
7998-WNZEM,test
3066-RRJIO,train
4664-NJCMS,train
0307-BCOPK,test
7629-WFGLW,train
2542-HYGIQ,train
6715-OFDBP,train
5016-LIPDW,validation
6481-LXPWL,train
1567-DSCIC,train
2150-UWTFY,train
6124-ACRHJ,validation
9362-MWODR,train
9975-GPKZU,train
9625-RZFUK,train
5153-LXKDT,train
5161-UBZXI,validation
1020-JPQOW,train
7919-ZODZZ,test
0565-JUPYD,validation
6867-ACCZI,train
5939-XAIXZ,train
9054-FOWNV,test
2683-BPJSO,train
2157-MXBJS,train
8207-VVMYB,test
9732-EQMWY,train
9360-AHGNL,validation
1087-UDSIH,test
5269-NRGDP,train
6195-MELTI,train
5485-WUYWF,validation
2121-JAFOM,train
8818-DOPVL,test
2632-UCGVD,validation
5445-PZWGX,test
1227-UDMZR,test
5198-HQAEN,validation
9170-CCKOU,train
2167-FQSTQ,validation
2819-GWENI,train
1043-YCUTE,train
3814-MLAXC,train
3572-UUHRS,validation
2692-PFYTJ,test
1226-UDFZR,validation
5955-EPOAZ,train
6821-JPCDC,train
8815-LMFLX,train
9135-HSWOC,test
8582-KRHPJ,test
5811-IWXYM,train
7044-YAACC,train
8189-XRIKE,validation
1506-YJTYT,validation
4123-DVHPH,validation
6425-YQLLO,validation
5442-UTCVD,train
2228-BZDEE,validation
7734-DBOAI,train
2789-CZANW,validation
2091-RFFBA,train
2114-MGINA,train
7596-LDUXP,train
3740-RLMVT,train
4489-SNOJF,test
2192-OZITF,validation
5651-CPDND,train
2186-QZEYA,validation
1131-ALZWV,test
7729-XBTWX,test
9134-WYRVP,train
3284-SVCRO,train
9732-OUYRN,train
0559-CKHUS,test
2931-SVLTV,train
6899-PPEEA,test
7504-UWHNB,test
2582-FFFZR,validation
8908-NMQTX,validation
2187-LZGPL,train
1431-AIDJQ,train
6288-LBEAR,train
4597-NUCQV,train
9019-QVLZD,validation
8413-YNHNV,train
5808-TOTXO,test
4369-NYSCF,train
6333-YDVLT,train
5324-KTGCG,test
5599-HVLTW,train
7394-LWLYN,train
3707-LRWZD,train
6873-UDNLD,train
2700-LUEVA,test
1455-ESIQH,train
0958-YHXGP,test
1101-SSWAG,train
2979-SXESE,train
4013-TLDHQ,train
5743-KHMNA,train
4194-FJARJ,train
5325-UWTWJ,validation
3969-GYXEL,train
9208-OLGAQ,train
3244-CQPHU,train
2674-MLXMN,validation
9708-HPXWZ,train
6992-TKNYO,train
4468-YDOVK,test
3754-DXMRT,train
5792-JALQC,train
7130-VTEWQ,test
2200-DSAAL,train
4302-ZYFEL,test
9351-LZYGF,train
4366-CTOUZ,train
6121-VZNQB,validation
7903-CMPEY,validation
1518-OMDIK,train
6671-NGWON,train
0595-ITUDF,train
6996-KNSML,train
1955-IBMMB,train
0096-BXERS,test
3806-YAZOV,validation
7998-ZLXWN,validation
6253-WRFHY,train
9133-AYJZG,train
2675-OTVVJ,train
8680-CGLTP,train
8430-TWCBX,test
5018-GWURO,train
6741-QRLUP,train
4737-HOBAX,test
0537-QYZZN,train
3340-QBBFM,train
1704-NRWYE,train
2592-SEIFQ,train
8200-KLNYW,train
3372-CDXFJ,train
4781-ZXYGU,train
7632-YUTXB,test
2718-YSKCS,train
9896-UYMIE,train
0853-NWIFK,validation
8212-CRQXP,validation
6980-CDGFC,validation
7691-XVTZH,test
2520-SGTTA,train
7481-ATQQS,train
2277-VWCNI,test
1088-CNNKB,validation
8642-GVWRF,train
1930-BZLHI,validation
3400-ESFUW,test
5868-YTYKS,train
3525-DVKFN,train
1482-OXZSY,train
0377-JBKKT,test
5778-BVOFB,validation
3373-YZZYM,validation
2057-ZBLPD,test
0228-MAUWC,validation
5502-RLUYV,train
0023-HGHWL,train
7663-YJHSN,train
4915-BFSXL,train
3086-RUCRN,train
5215-LNLDJ,validation
7576-JMYWV,train
9039-RBEEE,test
0257-KXZGU,test
1307-ATKGB,train
8417-FMLZI,validation
3714-XPXBW,train
1850-AKQEP,validation
2824-DXNKN,test
5227-JSCFE,train
0848-ZGQIJ,train
3621-CHYVB,validation
8042-RNLKO,train
1792-UXAFY,train
5372-FBKBN,train
0420-TXVSG,test
6217-TOWGS,train
0515-YPMCW,train
0378-XSZPU,train
1045-LTCYT,train
1544-JJMYL,train
4636-JGAAI,train
6874-SGLHU,test
5951-AOFIH,test
4729-XKASR,validation
3059-NGMXB,validation
8652-YHIYU,train
5278-PNYOX,validation
5449-FIBXJ,train
3486-HOOGQ,validation
5061-PBXFW,test
8630-FJLIB,train
3891-NLXJB,train
4749-OJKQU,validation
0577-WHMEV,train
5453-AXEPF,train
3639-XJHKQ,test
3716-LRGXK,train
2263-SFSQZ,test
9950-MTGYX,test
3397-AVTKU,train
4825-FUREZ,test
9837-BMCLM,train
2672-OJQZP,test
0137-UDEUO,train
3134-DSHVC,train
6161-UUUTA,validation
7821-DPRQE,train
6543-XRMYR,test
2001-EWBQU,test
4925-LMHOK,validation
1608-GMEWB,train
6695-AMZUF,train
1455-UGQVH,train
8410-BGQXN,train
8280-MQRQN,test
1619-YWUBB,train
7611-YKYTC,validation
2037-SGXHH,train
3178-FESZO,train
0365-GXEZS,test
0082-OQIQY,test
6087-MVHJH,train
4603-JANFB,train
3018-TFTSU,test
3606-SBKRY,train
4806-KEXQR,test
0667-NSRGI,validation
7083-YNSKY,train
6893-ODYYE,train
8242-JSVBO,train
2479-BRAMR,train
9541-ZPSEA,validation
2665-NPTGL,test
1139-WUOAH,test
4693-VWVBO,test
7434-SHXLS,train
6937-GCDGQ,validation
0988-JRWWP,test
5075-JSDKI,train
7908-QCBCA,train
8644-XYTSV,train
6711-FLDFB,validation
3873-WOSBC,train
7465-ZZRVX,train
7975-JMZNT,validation
7251-XFOIL,test
4116-IQRFR,train
3714-JTVOV,train
8259-DZLIZ,train
0442-ZXKVS,validation
7853-WNZSY,test
3120-FAZKD,train
8606-OEGQZ,validation
0225-ZORZP,train
4702-IOQDC,train
9489-JMTTN,train
0575-CUQOV,validation
0967-BMLBD,train
6178-KFNHS,train
2830-LEWOA,train
5006-MXVRN,validation
1264-BYWMS,train
9658-WYUFB,train
8327-WKMIE,train
6917-FIJHC,test
5329-KRDTM,test
7797-EJMDP,validation
3530-VWVGU,test
2013-SGDXK,train
6368-NWMCE,train
3633-CDBUW,train
0707-HOVVN,test
8580-QVLOC,test
3956-MGXOG,train
9274-UARKJ,train
4077-HWUYD,train
2012-NWRPA,train
8808-ELEHO,train
0103-CSITQ,train
3506-LCJDC,validation
8671-KKKOS,test
7305-ZWMAJ,train
9518-XXBXE,validation
3934-HXCFZ,train
6578-KRMAW,validation
4860-IJUDE,train
7666-WKRON,test
9688-YGXVR,train
0423-UDIJQ,train
1945-XISKS,test
4910-AQFFX,train
2154-KVJFF,train
5360-LJCNJ,test
2607-FBDFF,train
9647-ERGBE,validation
3428-XZMAZ,validation
1100-DDVRV,test
0378-TOVMS,train
4355-HBJHH,validation
6728-WYQBC,train
9058-CBREO,train
9029-FEGVJ,validation
7216-KAOID,test
0318-QUUOB,train
6145-NNPNO,train
5520-FVEWJ,validation
5339-TJFEK,validation
5572-ZDXHY,train
2074-GUHPQ,train
4625-XMOYM,validation
5827-MWCZK,validation
1385-TQOZW,test
5914-XRFQB,train
4329-YPDDQ,test
4804-NCPET,train
3750-CKVKH,test
5944-UGLLK,train
8063-GBATB,validation
7787-BNTZM,validation
2252-ISRNH,validation
9415-TPKRV,validation
5322-TEUJK,validation
4547-KQRTM,validation
4877-EVATK,validation
1866-DIOQZ,train
8375-KVTHK,validation
2697-NQBPF,train
3709-OIJEA,train
7639-SUPCW,train
1386-ZIKUV,test
0599-XNYDO,test
6377-WHAOX,test
6855-VLGOS,validation
8999-XXGNS,train
8746-OQQRW,train
3181-MIZBN,test
0471-ARVMX,test
7766-CLTIC,train
5650-YLIBA,test
0825-CPPQH,train
9084-OAYKL,validation
6122-LJADA,train
2400-XIWIO,validation
7524-VRLPL,validation
1069-XAIEM,test
7569-NMZYQ,train
5201-USSQZ,train
2105-PHWON,train
1494-EJZDW,test
4884-TVUQF,train
8003-EWNDZ,train
1897-RCFUM,train
9256-JTBNZ,test
4658-HCOHW,test
2211-RMNHO,train
2432-TFSMK,test
3440-JPSCL,validation
4929-ROART,train
1834-ABKHQ,validation
1741-WTPON,test
3932-IJWDZ,train
1240-HCBOH,train
3594-KADLU,test
8065-BVEPF,train
3796-ENZGF,train
1734-ZMNTZ,train
2853-CWQFQ,train
0813-TAXXS,train
2519-TWKFS,train
2889-FPWRM,train
0626-QXNGV,validation
6723-CEGQI,validation
6987-XQSJT,train
4732-RRJZC,train
9499-XPZXM,train
4338-EYCER,train
3007-FDPEA,validation
6350-XFYGW,train
4290-BSXUX,train
8513-OLYGY,validation
0311-QYWSS,train
8705-DWKTI,validation
8755-IWJHN,train
0325-XBFAC,train
4480-QQRHC,train
0929-PECLO,validation
3680-CTHUH,test
1202-KKGFU,train
6112-KTHFQ,test
1852-XEMDW,test
2462-XIIJB,train
4760-XOHVN,validation
1820-DJFPH,test
9426-SXNHE,train
9068-FHQHD,validation
1269-FOYWN,train
9470-YFUYI,train
7817-BOQPW,test
7402-EYFXX,validation
1853-UDXBW,test
9895-VFOXH,train
5458-CQJTA,train
1230-QAJDW,train
5701-ZIKJE,validation
5219-YIPTK,train
5032-MIYKT,validation
7396-VJUZB,train
9717-QEBGU,test
5172-RKOCB,train
6509-TSGWN,train
3540-RZJYU,test
3178-CIFOT,train
2091-MJTFX,test
4530-NDRKU,test
5985-TBABQ,validation
9800-ONTFE,train
6743-HHQPF,train
8455-HIRAQ,test
6616-AALSR,validation
0883-EIBTI,validation
9415-ZNBSX,train
4018-KJYUY,train
0722-TROQR,train
7571-YXDAD,test
3884-UEBXB,test
8780-RSYYU,test
5537-UXXVS,test
1791-PQHBB,train
8701-DGLVH,test
8741-LQOBK,test
3393-FMZPV,validation
8082-GHXOP,train
6402-ZFPPI,validation
0980-FEXWF,test
7486-KSRVI,train
3011-WQKSZ,test
8443-WVPSS,train
3006-XIMLN,test
8218-FFJDS,train
1986-PHGZF,train
9965-YOKZB,validation
0504-HHAPI,train
9360-OMDZZ,train
6305-YLBMM,validation
0345-XMMUG,train
8024-XNAFQ,test
3647-GMGDH,train
2988-GBIVW,train
2832-SCUCO,train
7036-ZZKBD,train
3791-LGQCY,validation
0265-PSUAE,test
0463-TXOAK,test
0594-UFTUL,train
9509-MPYOD,train
9128-CPXKI,test
0129-KPTWJ,train
8166-ZZTFS,train
5855-EIBDE,train
5365-LLFYV,validation
5956-YHHRX,train
6008-NAIXK,validation
2956-GGUCQ,train
1928-BXYIV,train
5760-FXFVO,test
6595-COKXZ,train
0961-ZWLVI,train
5181-OABFK,test
4007-NHVHI,train
7816-VGHTO,test
5871-DGTXZ,train
7550-WIQVA,train
7544-ZVIKX,train
0016-QLJIS,validation
7508-DQAKK,train
5176-OLSKT,train
9356-AXGMP,validation
3556-BVQGL,train
0362-ZBZWJ,validation
8979-CAMGB,train
4211-MMAZN,test
7581-EBBOU,test
4274-OWWYO,train
5073-RZGBK,train
1541-ETJZO,test
2192-CKRLV,train
3154-HMWUU,train
6119-SPUDB,test
6522-OIQSX,train
7813-ZGGAW,train
8748-HFWBO,train
1052-QJIBV,train
1319-YLZJG,test
4106-HADHQ,train
0723-FDLAY,train
3050-RLLXC,train
9298-WGMRW,test
2369-UAPKZ,train
3088-LHEFH,validation
2778-OCLGR,test
6583-KQJLK,train
8544-JNBOX,validation
6681-ZSEXG,test
6139-ZZRBQ,validation
6116-RFVHN,train
0637-KVDLV,train
8884-FEEWR,train
3125-RAHBV,test
6633-MPWBS,train
0373-AIVNJ,test
8785-EPNCG,train
1682-VCOIO,train
5729-KLZAR,train
2072-ZVJJX,validation
8849-AYPTR,test
9518-IMLHK,train
1582-RAFML,train
3646-ITDGM,test
8740-CRYFY,train
3569-VLDHH,validation
8224-KDLKN,test
7594-LZNWR,train
4001-TSBTV,train
2962-XPMCQ,train
8727-XDPUD,test
1043-UXOVO,train
1064-FBXNK,train
3996-ZNWYK,train
2878-DHMIN,train
7762-ONLJY,test
1678-FYZOW,train
5795-BKOYE,train
8627-EHGIP,train
7402-PWYJJ,train
5480-TBGPH,train
0018-NYROU,train
7501-VTYLJ,train
7608-RGIRO,train
0480-BIXDE,train
5895-QSXOD,train
9814-AOUDH,test
6175-IRFIT,test
8760-ZRHKE,train
1622-HSHSF,test
8854-CCVSQ,train
6749-UTDVX,train
5542-DHSXL,train
9102-OXKFY,train
0511-JTEOY,validation
5216-WASFJ,train
7808-DVWEP,train
7067-KSAZT,test
2284-VFLKH,train
0366-NQSHS,train
6532-YLWSI,validation
3807-BPOMJ,validation
3892-NXAZG,train
4948-WBBKL,train
4182-BGSIQ,train
9300-AGZNL,train
0988-AADSA,train
9972-NKTFD,test
3717-LNXKW,train
5734-EJKXG,train
2207-RYYRL,train
6729-FZWSY,validation
9695-IDRZR,validation
8144-DGHXP,train
7814-LEEVE,validation
1112-CUNAO,test
5175-AOBHI,validation
5174-RNGBH,train
8631-WUXGY,train
7270-BDIOA,train
9565-JSNFM,test
5906-DVAPM,train
6654-QGBZZ,test
8348-JLBUG,train
0607-DAAHE,validation
5641-DMBFJ,train
9200-NLNPD,train
2664-XJZNO,validation
9732-KPKBW,test
3339-EAQNV,test
0921-OHLVP,train
3389-YGYAI,train
9560-ARGQJ,validation
8350-NYMVI,validation
1600-DILPE,train
0536-ESJEP,train
4654-GGUII,train
6478-HRRCZ,validation
8510-BBWMU,train
6857-TKDJV,train
2360-RDGRO,train
0584-BJQGZ,train
5134-IKDAY,train
1360-XFJMR,test
3070-DVEYC,train
5730-RIITO,train
9058-MJLZC,train
5707-ORNDZ,train
0902-XKXPN,validation
5177-RVZNU,train
0056-EPFBG,test
8993-IZEUX,train
8696-JKZNU,test
5380-AFSSK,validation
8190-ZTQFB,test
0931-MHTEM,validation
2055-PDADH,train
7515-LODFU,test
0440-UEDAI,test
1337-BOZWO,train
0868-VJRDR,test
8714-EUHJO,test
6344-SFJVH,train
3950-VPYJB,train
8041-TMEID,train
7321-ZNSLA,train
6941-KXRRV,train
3721-CNEYS,test
8727-JQFHV,train
9475-NNDGC,validation
1355-KUSBG,train
3688-FTHLT,train
0899-LIIBW,test
2568-OIADY,train
1384-RCUXW,train
5825-XJOCM,test
6848-YLDFR,test
8125-QPFJD,train
2320-YKQBO,train
1193-RTSLK,train
2302-ANTDP,train
5923-GXUOC,validation
4973-RLZVI,test
7869-ZYDST,train
4501-UYKBC,test
1215-EXRMO,train
2305-MRGLV,train
8404-VIOMB,train
5233-GEEAX,train
2359-KLTEK,validation
5304-EFJLP,train
2673-ZALNP,train
9184-GALIL,train
4393-RYCRE,train
9746-MDMBK,validation
3162-ZJZFU,validation
8404-GFGCZ,train
8875-AKBYH,train
4432-ADRLB,train
0533-UCAAU,train
1394-SUIUH,train
3521-MNKLV,validation
2533-TIBIX,train
8993-PHFWD,test
1565-RHDJD,train
7137-RYLPP,validation
3765-JXVKY,train
5092-STPKP,validation
7330-WZLNC,train
0114-PEGZZ,train
3359-DSRKA,train
8639-NHQEI,train
7161-DFHUF,train
3957-LXOLK,train
3720-DBRWL,train
6635-MYYYZ,train
8565-WUXZU,validation
5281-BUZGT,test
4994-OBRSZ,train
0562-FGDCR,test
2436-QBZFP,validation
3420-YJLQT,train
6040-CGACY,train
6582-PLFUU,validation
8242-PDSGJ,validation
0264-CNITK,train
0089-IIQKO,train
7839-NUIAA,train
6075-QMNRR,test
5378-IKEEG,validation
5966-EMAZU,test
0440-EKDCF,train
4774-HHGGS,train
2718-GAXQD,train
2055-BFOCC,train
8180-AKMJV,train
4298-OYIFC,train
5566-SOEZD,test
9842-EFSYY,test
2272-WUSPA,test
4584-LBNMK,validation
3898-GUYTS,train
0930-EHUZA,train
6413-XKKPU,train
9975-SKRNR,train
3703-KBKZP,train
1449-XQEMT,train
2626-URJFX,train
4973-MGTON,train
3682-YEUWS,train
1223-UNPKS,train
2612-RRIDN,train
4735-ASGMA,test
3446-QDSZF,train
3669-LVWZB,train
6892-EZDTG,train
5117-IFGPS,train
7379-FNIUJ,train
1627-AFWVJ,train
9725-SCPZG,train
5884-GCYMI,train
3217-FZDMN,train
4486-EFAEB,train
0060-FUALY,validation
7853-GVUDZ,train
7480-QNVZJ,validation
6954-OOYZZ,validation
7088-FBAWU,train
8313-AFGBW,train
3943-KDREE,train
9239-ZBZZV,train
3097-IDVPU,validation
4398-HSCJH,train
2197-OMWGI,train
2303-PJYHN,train
9795-VOWON,train
1237-WIYYZ,train
1987-AUELQ,validation
7852-LECYP,train
4430-UZIPO,train
4822-LPTYJ,train
8165-CBKXO,train
6527-PZFPV,test
4855-SNKMY,train
9593-CVZKR,train
8595-SIZNC,train
8008-HAWED,train
7124-UGSUR,test
1862-SKORY,train
5236-XMZJY,test
4827-DPADN,train
2694-CIUMO,test
5846-ABOBJ,train
1439-LCGVL,train
0909-SDHNU,train
4647-XXZAM,train
1502-XFCVR,validation
7740-KKCXF,validation
5360-XGYAZ,train
9692-TUSXH,test
7912-SYRQT,test
3557-HTYWR,train
4816-JBHOV,train
8920-NAVAY,train
1699-TLDLZ,validation
5600-PDUJF,test
8292-TYSPY,train
0567-XRHCU,train
1867-BDVFH,test
2067-QYTCF,validation
2359-QWQUL,train
9103-TCIHJ,test
7407-SUJIZ,validation
9150-KPBJQ,train
0052-DCKON,train
3654-ARMGP,train
9699-UBQFS,train
9367-TCUYN,test
1261-FWTTE,test
3528-HFRIQ,train
0708-SJDIS,train
4140-WJAWW,train
2073-QBVBI,train
6928-ONTRW,validation
3320-VEOYC,test
5231-FIQPA,train
6617-WLBQC,train
2599-CIPQE,train
6653-CBBOM,train
8774-GSBUN,train
7326-RIGQZ,train
1401-FTHFQ,train
3247-ZVOUO,validation
0254-FNMCI,train
1848-LBZHY,test
6101-IMRMM,train
8118-TJAFG,train
5429-LWCMV,train
7298-IZWLY,train
9758-MFWGD,test
3955-JBZZM,train
1268-ASBGA,train
8943-URTMR,validation
4815-TUMEQ,train
4713-LZDRV,test
9909-IDLEK,train
4092-OFQZS,train
1561-BWHIN,train
4325-NFSKC,train
9927-DSWDF,test
9500-LTVBP,validation
7252-NTGSS,validation
8149-AIQCG,train
1360-JYXKQ,test
2955-PSXOE,test
7762-URZQH,train
0899-WZRSD,train
3255-GRXMG,train
4828-FAZPK,validation
6094-ZIVKX,train
6925-BAYGL,train
3262-EIDHV,train
7354-OIJLX,test
1376-HHBDV,validation
6907-NZZIJ,train
6133-OZILE,train
4135-FRWKJ,train
2911-UREFD,validation
3744-ZRRDZ,validation
5673-TIYIB,train
6551-ZCOTS,train
7191-ADRGF,test
5018-LXQQG,test
6892-BOGQE,train
1602-IJQQE,train
4628-WQCQQ,train
1746-TGTWV,train
5995-SNNEW,validation
8050-WYBND,train
2821-WARNZ,train
4879-GZLFH,train
1644-IRKSF,train
8314-HTWVE,test
9402-ROUMJ,test
2507-QZPQS,train
7159-NOKYQ,test
5707-ZMDJP,train
8779-YIQQA,test
7136-IHZJA,validation
8966-OIQHG,train
7074-STDCN,validation
3705-PSNGL,test
8739-QOTTN,train
1399-OUPJN,train
0277-BKSQP,train
6502-HCJTI,train
2606-RMDHZ,test
5774-XZTQC,train
2676-SSLTO,test
6266-QHOJZ,validation
7269-JISCY,validation
0363-SVHYR,validation
8547-NSBBO,train
8258-GSTJK,test
6861-OKBCE,validation
9940-RHLFB,test
6591-QGOYB,train
9070-BCKQP,test
6421-SZVEM,test
1328-EUZHC,validation
2995-UPRYS,test
8878-RYUKI,validation
9633-DENPU,test
7811-JIVPF,train
7113-HIPFI,train
8541-QVFKM,test
6686-YPGHK,train
1383-EZRWL,train
9258-CNWAC,train
5371-VYLSX,validation
6374-AFWOX,test
4759-TRPLW,validation
5317-FLPJF,train
7621-VPNET,train
6034-YMTOB,test
8563-IIOXK,train
4903-CNOZC,validation
4353-HYOJD,test
8020-BWHYL,train
7267-FRMJW,train
2982-VPSGI,validation
4188-FRABG,train
8199-ZLLSA,train
4128-ETESU,train
0620-DLSLK,validation
4625-EWPTF,train
5980-NOPLP,train
3850-OKINF,validation
6892-XPFPU,test
8010-EZLOU,validation
1156-ZFYDO,train
3295-YVUSR,train
8016-NCFVO,validation
4119-ZYPZY,train
5549-ZGHFB,validation
7577-SWIFR,train
0303-WMMRN,train
6408-OTUBZ,train
5204-HMGYF,test
1078-TDCRN,validation
3727-OVPRY,train
3797-FKOGQ,train
7622-NXQZR,train
6196-HBOBZ,train
3970-XGJDU,test
7017-VFULY,test
5562-YJQGT,train
8807-OPMBM,train
5439-WIKXB,train
9874-QLCLH,train
8294-UIMBA,train
8109-YUOHE,train
5840-NVDCG,train
8092-NLTGF,train
5928-QLDHB,validation
9840-EFJQB,train
0696-UKTOX,train
4801-KFYKL,validation
3472-OAOOR,train
6135-OZQVA,validation
8062-YBDOE,train
2252-JHJGE,test
4188-PCPIG,train
6000-APYLU,test
7105-BENQF,validation
7721-DVEKZ,train
3566-VVORZ,validation
9507-HSMMZ,train
2480-SQIOB,test
0947-IDHRQ,train
7813-TKCVO,validation
0128-MKWSG,train
3672-YITQD,test
4350-ZTLPI,train
9048-JVYVF,test
0361-HJRDX,train
5727-MYATE,test
3823-KYNQY,validation
8988-ECPJR,test
7570-WELNY,train
3021-VLNRJ,train
3776-EKTKM,train
2080-CAZNM,train
1028-FFNJK,train
6907-FLBER,train
3001-UNBTL,train
5982-PSMKW,validation
3507-GASNP,validation
7096-ZNBZI,train
1902-XBTFB,test
1676-MQAOA,validation
0786-IVLAW,validation
7566-DSRLQ,train
0643-OKLRP,train
7245-JMTTQ,train
6050-IJRHS,validation
6202-JVYEU,train
8591-TKMZH,test
0734-OXWBT,validation
4282-ACRXS,validation
0365-TRTPY,test
7349-ALMUX,train
9381-NDKME,test
6502-KUGLL,validation
1841-YSJGV,train
2794-XIMMO,train
8382-SHQEH,train
3511-BFTJW,test
7668-XCFYV,train
2983-ZANRP,train
7845-URHJN,validation
3034-ZBEQN,train
5018-HEKFO,train
2923-ARZLG,test
3976-NLDEZ,test
2282-YGNOR,validation
5336-UFNZP,train
6854-EXGSF,test
1241-EZFMJ,validation
9233-PSYHO,validation
5376-PCKNB,train
8044-BGWPI,train
4060-LDNLU,train
3589-PPVKW,train
8327-LZKAS,train
5887-IKKYO,validation
1075-BGWOH,train
1755-RMCXH,train
0302-JOIVN,train
3858-XHYJO,test
4299-SIMNS,train
7025-IWFHT,train
6261-LHRTG,train
7841-FCRQD,train
2056-EVGZL,validation
8777-MBMTS,train
7753-USQYQ,train
5366-IJEQJ,train
7661-CPURM,train
6233-HXJMX,train
5902-WBLSE,train
1981-INRFU,train
4971-PUYQO,train
3239-TPHPZ,train
5115-GZDEL,train
3338-CVVEH,test
8485-GJCDN,validation
2615-YVMYX,train
2851-STERV,train
4393-GEADV,train
8486-AYEQH,train
1527-SXDPN,train
6029-WTIPC,validation
8634-CILSZ,validation
5419-JKZNQ,validation
2495-KZNFB,train
1409-PHXTF,train
4560-WQAQW,test
9591-YVTEB,train
9309-BZGNT,train
4274-DRSQT,validation
2027-DNKIV,validation
8075-GXIUB,train
2885-HIJDH,test
5424-RLQLC,train
6682-QJDGB,test
6507-DTJZV,train
8780-IXSTS,validation
7673-BQGKU,train
6723-WSNTY,train
9530-EHPOH,train
2725-IWWBA,train
0345-HKJVM,train
1061-PNTHC,validation
0394-YONDK,train
6574-MCOEH,train
7399-QHBJS,train
3049-SOLAY,validation
0997-YTLNY,test
3317-HRTNN,train
9479-HYNYL,train
3235-ETOOB,validation
9708-KFDBY,validation
8058-INTPH,train
3642-GKTCT,train
0774-RMNUW,validation
1334-PDUKM,train
0756-MPZRL,train
2242-MFOTG,train
2927-CVULT,train
2144-BFDSO,validation
8745-PVESG,train
7647-GYYKX,validation
5647-FXOTP,validation
5569-OUICF,train
8821-XNHVZ,test
2082-OJVTK,train
9700-ISPUP,test
9839-ETQOE,train
6078-VESFR,train
9027-TMATR,train
5940-NFXKV,validation
1941-HOSAM,train
9110-HSGTV,train
0704-VCUMB,validation
6171-ZTVYB,train
8053-WWDRO,test
9564-KCLHR,validation
1935-IMVBB,train
2535-PBCGC,validation
2082-CEFLT,train
1470-PSXNM,test
1213-NGCUN,train
2498-XLDZR,train
9866-OCCKE,test
5338-YHWYT,validation
7718-UPSKJ,train
8731-WBBMB,validation
1448-CYWKC,train
7901-IIDQV,train
2690-DVRVK,train
5688-KZTSN,train
1270-XKUCC,train
0334-ZFJSR,train
2894-QOJRX,train
5747-PMBSQ,train
5583-EJXRD,train
4565-EVZMJ,train
3143-JQEGI,train
6386-SZZKH,train
3327-YBAKM,train
9441-QHEVC,train
6705-LNMDD,train
2580-ASVVY,train
3370-GQEAL,train
5032-USPKF,train
2982-IHMFT,train
3521-SYVOR,train
4254-QPEDE,train
6283-GITPX,test
9526-JAWYF,validation
0771-CHWSK,train
9788-HNGUT,validation
9495-REDIY,train
5375-XLDOF,train
1172-VIYBP,validation
5649-VUKMC,train
6559-PDZLR,train
8992-OBVDG,train
4273-MBHYA,train
4724-WXVWF,test
5701-GUXDC,test
1460-UZPRJ,validation
6082-GLJIX,train
5143-EGQFK,train
4919-IKATY,test
2495-TTHBQ,train
0485-ZBSLN,train
3810-PJUHR,train
9050-QLROH,test
0847-HGRML,validation
8232-CTLKO,train
9227-YBAXE,train
6168-WFVVF,train
9860-LISIZ,test
0112-QAWRZ,train
0877-SDMBN,validation
2786-GCDPI,train
4043-MKDTV,train
8065-YKXKD,train
9637-EIHEQ,train
9229-RQABD,train
8313-KTIHG,train
5320-BRKGK,train
6284-KMNUF,test
9689-PTNPG,train
9465-RWMXL,test
6229-UOLQL,train
2362-IBOOY,validation
3137-LUPIX,train
0843-WTBXE,train
6143-JQKEA,train
8676-OOQEJ,train
5515-IDEJJ,train
9701-CDXHR,test
7450-NWRTR,train
8124-NZVGJ,train
2162-FRZAA,train
5376-DEQCP,test
5118-MUEYH,validation
9095-HFAFX,train
5627-TVBPP,train
2379-ENZGV,train
3936-QQFLL,train
2589-AYCRP,validation
4067-HLYQI,test
5124-EOGYE,train
5057-RKGLH,test
0292-WEGCH,train
8910-ICHIU,train
4097-YODCF,train
9715-WZCLW,test
9786-YWNHU,train
6407-GSJNL,train
6005-OBZPH,train
4049-ZPALD,train
7932-WPTDS,train
3733-UOCWF,test
6833-JMZYP,validation
2722-VOJQL,train
1310-QRITU,test
8961-QDZZJ,validation
9715-SBVSU,validation
8490-BXHEO,train
7173-TETGO,validation
7929-SKFGK,train
2300-RQGOI,train
3563-SVYLG,test
5228-EXCET,test
6435-VWCCY,train
4998-IKFSE,validation
8630-QSGXK,train
2455-USLMV,validation
7394-FKDNK,train
9488-FVZCC,validation
6331-LWDTQ,test
5995-WWKKG,validation
1597-FZREH,train
7879-CGSFV,test
9921-EZKBY,train
7432-FFVAR,train
7246-ZGQDF,train
7000-WCEVQ,train
0727-IWKVK,train
5959-BELXA,train
4456-RHSNB,train
3512-IZIKN,validation
2481-SBOYW,train
7109-MFBYV,train
1833-TCXKK,test
1832-PEUTS,train
6141-OOXUQ,validation
8660-BUETV,validation
0580-PIQHM,validation
5696-CEIQJ,test
7503-ZGUZJ,validation
1696-HXOWK,train
3026-ATZYV,validation
4012-YCFAI,test
2506-TNFCO,train
9970-QBCDA,train
8718-PTMEZ,validation
9496-IVVRP,train
2207-OBZNX,train
2657-VPXTA,train
6551-VLJMV,train
1221-GHZEP,train
9289-LBQVU,test
6142-VSJQO,validation
3458-IDMFK,train
6933-FHBZC,test
0221-NAUXK,validation
9770-KXGQU,train
6437-UKHMV,train
6538-POCHL,train
6726-NNFWD,test
3002-WQZWT,train
4277-UDIEF,train
1208-NBVFH,train
4912-PIGUY,validation
1114-CENIM,train
6060-DRTNL,train
2725-TTRIQ,validation
3374-TTZTK,validation
8990-ZXLSU,validation
2275-RBYQS,train
8473-VUVJN,train
6289-CPNLD,validation
5536-SLHPM,train
4419-UJMUS,test
7794-JASDG,train
7609-YBPXG,train
5519-TEEUH,test
7856-GANIL,train
0804-XBFBV,train
2676-OXPPQ,train
3703-TTEPD,train
2799-TSLAG,validation
0196-VULGZ,train
8837-VVWLQ,validation
2696-NARTR,validation
2208-NKVVH,validation
7614-QVWQL,validation
1976-CFOCS,validation
4631-OACRM,test
7139-JZFVG,train
4987-GQWPO,train
3755-JBMNH,train
1757-TCATG,validation
6345-ULYRW,train
4776-XSKYQ,validation
8048-DSDFQ,validation
5753-QQWPW,test
6010-DDPPW,train
1809-DMJHQ,test
6693-FRIRW,validation
6586-MYGKD,train
3173-NVMPX,test
0248-PGHBZ,train
0623-GDISB,train
2892-GESUL,test
6923-EFPNL,train
7472-EQOAV,train
9574-RKJIF,train
2043-WVTQJ,train
8034-RYTVV,test
3863-QSTYI,validation
2619-WFQWU,train
5044-LRQAQ,validation
1716-LSAMB,test
1333-PBMXB,train
6546-OPBBH,train
5985-BEHZK,train
9127-QRZMH,validation
5919-VCZYM,train
9644-KVCNC,train
2137-DQMEV,train
8174-LNWMW,train
9279-CJEOJ,test
7964-VEXDG,train
2404-JIBFC,validation
0778-NELLA,test
8029-XYPWT,train
4614-NUVZD,train
4632-PAOYU,validation
3803-KMQFW,train
6804-GDMOI,validation
2990-OGYTD,train
6646-JPPHA,train
9572-MTILT,validation
7658-UYUQS,validation
7880-XSOJX,train
9611-CTWIH,test
4589-IUAJB,train
0329-GTIAJ,train
8746-BFOAJ,validation
8457-XIGKN,test
6072-NUQCB,train
6629-CZTTH,train
8838-GPHZP,validation
8750-QWZAJ,train
5364-EVNIB,train
6918-UMQCG,validation
0675-NCDYU,validation
6339-DKLMK,train
1346-PJWTK,test
5088-QZLRL,train
8023-QHAIO,validation
4397-FRLTA,train
3057-VJJQE,train
5087-SUURX,train
2302-OUZXB,train
8133-ANHHJ,train
2270-CHBFN,validation
0013-EXCHZ,train
5982-FPVQN,train
9107-UKCKY,test
4654-ULTTN,test
5550-VFRLC,validation
5546-BYZSM,train
1492-KGETH,train
4929-BSTRX,validation
4163-HFTUK,train
8215-NGSPE,train
2225-ZRGSG,train
8859-YSTWS,validation
5271-YNWVR,test
7601-DHFWZ,validation
2657-ALMWY,train
6330-JKLPC,train
4667-OHGKG,test
1998-VHJHK,train
1707-HABPF,test
1660-HSOOQ,train
7253-UVNDW,train
0487-VVUVK,validation
7228-OMTPN,train
5063-IUOKK,test
4508-OEBEY,train
0027-KWYKW,train
2308-STERM,test
5982-XMDEX,train
6284-AHOOQ,test
6051-PTVNS,train
2344-JMOGN,train
3799-ISUZQ,train
2877-VDUER,test
9152-AMKAK,train
1794-HBQTJ,train
9432-VOFYX,train
8049-WJCLQ,train
6586-PSJOX,train
2460-FPSYH,train
9705-ZJBCG,train
4818-DRBQT,train
1320-HTRDR,test
6847-KJLTS,validation
9670-BPNXF,validation
3913-FCUUW,test
3301-VKTGC,test
1493-AMTIE,test
9555-SAHUZ,train
0816-TSPHQ,test
9932-WBWIK,train
4619-EVPHY,test
5286-YHCVC,train
6424-ELEYH,train
4391-RESHN,train
9115-YQHGA,test
4462-CYWMH,validation
8963-MQVYN,validation
2458-EOMRE,validation
9334-GWGOW,test
6821-BUXUX,test
5028-HTLJB,validation
9801-GDWGV,train
6542-LWGXJ,test
5567-GZKQY,train
1222-LRYKO,train
2320-JRSDE,train
2087-QAREY,test
0601-WZHJF,train
4423-JWZJN,validation
5143-WMWOG,validation
6490-FGZAT,train
5393-RXQSZ,train
7452-FOLON,train
2320-TZRRH,test
0231-LXVAP,train
9444-JTXHZ,train
4942-VZZOM,train
5510-BOIUJ,validation
7502-BNYGS,train
4291-HYEBC,validation
6147-CBCRA,train
6047-SUHPR,train
4471-KXAUH,train
9752-ZNQUT,test
7638-QVMVY,train
1576-PFZIW,train
5666-MBJPT,test
7312-XSBAT,validation
3096-GKWEB,train
2371-JQHZZ,train
0674-GCDXG,train
1121-QSIVB,train
4396-KLSEH,test
3244-DCJWY,test
2824-MYYBN,train
0875-CABNR,validation
6345-HOVES,train
8318-LCNBW,train
6469-QJKZW,train
0147-ESWWR,train
1217-VASWC,test
7812-FZHPE,train
6370-ZVHDV,test
5915-DGNVC,validation
6260-XLACS,validation
3566-CAAYU,validation
4983-CCWMC,test
9103-CXVOK,train
2896-TBNBE,validation
4797-AXPXK,train
5229-PRWKT,validation
6982-UQZLY,train
2522-WLNSF,test
3841-CONLJ,train
5057-LCOUI,train
0193-ESZXP,train
4475-NVTLU,train
4369-HTUIF,train
9386-LDCZR,train
9585-KKMFD,train
5399-ZIMKF,train
0336-KXKFK,train
5619-XZZKR,test
3948-FVVRP,test
5327-XOKKY,validation
0983-TATYJ,test
1813-JYWTO,train
0156-FVPTA,train
1984-FCOWB,train
0654-HMSHN,validation
6719-OXYBR,train
3312-ZWLGF,test
6476-YHMGA,train
5287-QWLKY,train
0795-XCCTE,train
0168-XZKBB,train
3785-NRHYR,train
5196-SGOAK,test
4537-DKTAL,train
7072-MBHEV,validation
5602-BVFMK,train
6297-NOOPG,test
1891-UAWWU,validation
8204-TIFGJ,validation
8050-DVOJX,validation
6108-OQZDQ,train
0363-QJVFX,test
8903-XEBGX,test
8169-SAEJD,validation
9840-DVNDC,test
1089-XZWHH,train
2325-WINES,train
6064-ZATLR,test
3096-JRDSO,train
7824-PANSQ,train
8042-JVNFH,train
9648-BCHKM,test
2888-ADFAO,train
8707-HOEDG,train
3374-LXDEV,test
4072-IPYLT,train
7167-PCEYD,test
4936-YPJNK,validation
1580-BMCMR,validation
4817-KEQSP,train
6408-WHTEF,train
9251-AWQGT,train
8749-CLJXC,test
7989-VCQOH,validation
5049-GLYVG,train
4199-QHJNM,train
8882-TLVRW,train
5883-GTGVD,train
5135-GRQJV,train
2384-OVPSA,train
1371-WEPDS,train
3580-GICBM,test
4817-QRJSX,train
9730-DRTMJ,train
4686-UXDML,test
3349-ANQNH,train
2398-YPMUR,train
0932-YIXYU,train
7480-SPLEF,train
7636-XUHWW,train
1431-CYWMH,train
5937-EORGB,train
6349-JDHQP,test
5539-HIVAK,train
5847-MXBEO,train
9985-MWVIX,validation
4583-PARNH,validation
1116-FRYVH,train
1421-HCERK,train
9633-XQABV,train
0716-BQNDX,train
1265-XTECC,train
1183-CANVH,train
1972-XMUWV,train
8679-LZBMD,train
3407-JMJQQ,validation
6252-DFGTK,validation
1539-LNKHM,train
8645-KOMJQ,validation
0289-IVARM,test
9761-XUJWD,train
4057-FKCZK,train
4291-TPNFG,validation
6087-YPWHO,validation
3090-QFUVD,test
2237-ZFSMY,train
1722-LDZJS,train
1818-ESQMW,validation
4871-JTKJF,train
1415-YFWLT,train
7401-RUBNK,train
0506-YLVKJ,train
8661-BOYNW,train
6711-VTNRE,test
4815-GBTCD,train
2805-AUFQN,test
0980-PVMRC,train
7233-DRTRF,train
3500-RMZLT,train
3873-NFTGI,train
1162-ECVII,train
7048-GXDAY,validation
8571-ZCMCX,validation
1169-WCVAK,test
4548-SDBKE,train
8066-POXGX,train
7129-CAKJW,train
8695-ARGXZ,train
3570-YUEKJ,train
4143-OOBWZ,validation
1555-HAPSU,test
1697-NVVGY,train
7854-EKTJL,test
8464-EETCQ,train
2419-FSORS,train
8132-YPVBX,test
9102-IAYHT,train
6754-LZUKA,train
3422-LYEPQ,test
8099-MZPUJ,train
0787-LHDYT,train
2642-DTVCO,train
0374-IOEGQ,train
4361-JEIVL,validation
3197-NNYNB,train
3396-DKDEL,test
1752-OZXFY,train
9066-QRSDU,validation
9112-WSNPU,test
9867-NNXLC,validation
5321-NTRKC,train
1363-TXLSL,train
9507-EXLTT,test
3161-GETRM,train
0402-OAMEN,test
6933-VLYFX,validation
6754-WKSHP,train
9846-GKXAS,train
6017-PPLPX,validation
4976-LNFVV,validation
5055-MGMGF,train
4641-FROLU,train
2862-JVEOY,validation
2969-QWUBZ,train
9822-BIIGN,test
2077-MPJQO,test
1534-OULXE,validation
7136-RVDTZ,validation
2971-SGAFL,test
1480-IVEVR,train
2905-KFQUV,train
4581-SSPWD,train
3370-HXOPH,train
9391-YZEJW,train
9958-MEKUC,train
0281-CNTZX,train
6927-WTFIV,train
4118-CEVPF,validation
3398-ZOUAA,train
9114-VEPUF,train
7876-BEUTG,test
2338-BQEZT,train
9873-MNDKV,train
0378-NHQXU,train
8241-JUIQO,test
2194-IIQOF,train
4512-ZUIYL,test
9631-RXVJM,train
9584-EXCDZ,train
7969-AULMZ,train
5093-FEGLU,train
2621-UDNLU,train
7526-IVLYU,train
2428-HYUNX,train
9214-EKVXR,validation
3410-MHHUM,train
0568-ONFPC,train
0733-VUNUW,test
4550-EVXNY,validation
2122-YWVYA,train
2968-SSGAA,train
2296-DKZFP,train
4844-JJWUY,train
6777-TGHTM,test
8909-BOLNL,test
6603-YRDCJ,train
3538-WZPHD,train
3229-USWAR,test
2138-VFAPZ,train
6131-JLWZM,train
4785-QRJHC,test
0269-XFESX,train
1709-EJDOX,test
4316-XCSLJ,validation
8610-WFCJF,train
9693-XMUOB,train
0383-CLDDA,train
4905-JEFDW,test
2709-UQGNP,validation
3549-ZTMNH,train
7881-INRLC,train
8033-ATFAS,validation
1635-NZATJ,train
0562-HKHML,train
8277-RVRSV,train
9943-VSZUV,validation
0117-LFRMW,validation
6172-FECYY,train
7054-ENNGU,test
1455-HFBXA,train
9402-CXWPL,validation
1628-BIZYP,test
1965-AKTSX,train
0082-LDZUE,train
4786-UKSNZ,train
5343-SGUBI,train
0856-NAOES,train
1976-AZZPJ,train
7248-VZQLC,validation
6156-UZDLF,validation
3099-OONVS,validation
9500-WBGRP,train
5183-KLYEM,validation
5144-PQCDZ,train
8514-VZHEB,train
6625-IUTTT,train
9355-NPPFS,train
0068-FIGTF,validation
5965-GGPRW,train
8035-PWSEV,train
2236-HILPA,test
1840-BIUOG,validation
1356-MKYSK,train
6080-LNESI,test
1830-IPXVJ,test
5828-DWPIL,train
8398-TBIYD,train
0011-IGKFF,validation
4192-GORJT,validation
6496-SLWHQ,train
9912-GVSEQ,validation
2931-FSOHN,validation
9418-RUKPH,train
5383-MMTWC,train
9971-ZWPBF,validation
4712-AUQZO,train
9711-FJTBX,validation
2908-ZTPNF,train
7240-ETPTR,train
2202-CUYXZ,test
5995-OIGLP,train
8421-WZOOW,validation
6261-RCVNS,train
7951-QKZPL,train
1414-YADCW,train
8756-RDDLT,train
2862-PFNIK,train
5816-QVHRX,validation
4430-YHXGG,validation
6888-SBYAI,train
7395-XWZOY,test
7169-YWAMK,train
3640-PHQXK,train
6877-LGWXO,validation
6859-RKMZJ,train
2729-VNVAP,validation
2957-JIRMN,validation
2049-BAFNW,validation
3842-QTGDL,train
7163-OCEQI,train
9782-LGXMC,validation
5975-BAICR,test
8019-ENHXU,validation
5167-GBFRE,validation
9033-EOXWV,test
4673-KKSLS,validation
4853-OITSN,validation
9800-OUIGR,train
1324-NLTJE,train
2324-EFHVG,train
7094-MSZAO,train
1522-VVDMG,test
6907-CQGPN,validation
0780-XNZFN,train
0239-OXEXL,validation
2675-IJRGJ,train
7049-GKVZY,validation
8577-QSOCG,train
3721-CNZHX,train
0212-ISBBF,train
9185-TQCVP,validation
3585-YNADK,train
5271-DBYSJ,train
1099-GODLO,train
6828-HMKWP,train
5567-WSELE,validation
1472-TNCWL,train
8063-RJYNF,train
0687-ZVTHB,validation
2080-GKCWQ,train
9661-ACXBS,validation
2193-SFWQW,train
5656-JAMLX,train
3462-BJQQA,train
0442-TDYUO,validation
6733-LRIZX,test
9503-XJUME,validation
4367-NHWMM,train
3727-RJMEO,validation
3779-OSWCF,train
6736-DHUQI,train
3915-ODIYG,train
1360-RCYRT,train
2724-FJDYW,train
4451-RWASJ,train
6646-VRFOL,train
3460-TJBWI,train
5917-HBSDW,train
5685-IIXLY,validation
5671-UUNXD,train
0956-ACVZC,validation
2325-NBPZG,test
4250-ZBWLV,train
4482-FTFFX,validation
8859-DZTGQ,train
0440-MOGPM,train
0020-JDNXP,validation
3752-CQSJI,train
5025-GOOKI,test
4698-KVLLG,test
5095-AESKG,train
2887-JPYLU,validation
4770-QAZXN,validation
4896-CPRPF,train
1871-MOWRM,validation
9714-EDSUC,train
2027-OAQQC,validation
0282-NVSJS,train
9090-SGQXL,validation
6595-YGXIT,train
7353-YOWFP,train
9835-ZIITK,validation
8008-ESFLK,validation
7537-CBQUZ,train
1555-DJEQW,train
5649-TJHOV,train
0519-XUZJU,validation
3363-EWLGO,train
4750-UKWJK,train
6338-AVWCY,test
1689-YQBYY,train
4487-ZYJZK,train
2959-FENLU,train
0708-LGSMF,train
9253-QXKBE,validation
7634-HLQJR,train
0487-RPVUM,train
4079-ULGFR,train
2516-XSJKX,train
0057-QBUQH,test
9445-SZLCH,train
6599-SFQVE,train
8331-ZXFOE,train
4003-FUSHP,test
0356-ERHVT,validation
7325-ENZFI,train
4884-ZTHVF,validation
3920-HIHMQ,train
3055-OYMSE,train
0613-WUXUM,validation
7568-PODML,train
4458-KVRBJ,train
5349-IECLD,train
1397-XKKWR,validation
3945-GFWQL,train
8097-OMULG,train
6013-BHCAW,test
0401-WDBXM,train
3387-PLKUI,validation
6096-EGVTU,test
3797-VTIDR,train
5081-NWSUP,test
2580-ATZSQ,train
8085-MSNLK,train
9691-HKOVS,train
9881-VCZEP,train
9526-BIHHD,train
8757-TFHHJ,test
4523-WXCEF,train
1468-DEFNC,train
5119-KEPFY,train
8364-TRMMK,train
0916-KNFAJ,train
8319-QBEHW,validation
3063-QFSZL,test
8775-LHDJH,train
9625-QNLUX,train
3097-NQYSN,validation
4024-CSNBY,train
7110-BDTWG,train
7493-GVFIO,train
0690-SRQID,train
9605-WGJVW,validation
9114-DPSIA,test
4700-UBQMV,test
7711-GQBZC,train
3565-UNOCC,train
4627-MIHJH,test
9795-NREXC,train
8573-CGOCC,validation
7356-AYNJP,test
9249-FXSCK,train
5493-SDRDQ,train
6286-SUUWT,test
4819-HJPIW,test
8654-DHAOW,train
5438-QMDDL,test
9812-GHVRI,test
5553-AOINX,train
1228-ZLNBX,validation
4226-KKDON,test
3831-YCPUO,test
7445-WMRBW,validation
3308-DGHKL,validation
9924-JPRMC,train
0080-EMYVY,train
6218-KNUBD,train
7337-CINUD,test
7609-NRNCA,train
0623-EJQEG,train
7153-CHRBV,validation
0871-URUWO,test
9190-MFJLN,train
6198-PNNSZ,test
3317-VLGQT,train
4132-POCZS,train
5614-DNZCE,train
1095-JUDTC,train
3896-RCYYE,test
9638-JIQYA,test
3258-SANFR,validation
3726-TBHQT,validation
3190-ITQXP,validation
0870-VEMYL,test
4833-QTJNO,validation
3039-MJSLN,train
0178-CIIKR,test
5385-SUIRI,train
3982-XWFZQ,test
5774-QPLTF,test
2322-VCZHZ,train
5010-IPEAQ,train
4009-ALQFH,validation
6383-ZTSIW,test
8990-YOZLV,train
3069-SSVSN,test
5222-IMUKT,train
3627-FCRDW,train
7562-GSUHK,train
6685-XSHHU,train
8901-UPRHR,validation
4903-UYAVB,train
0118-JPNOY,train
6776-TLWOI,test
3845-FXCYS,train
5857-XRECV,test
0725-CXOTM,test
4343-EJVQB,train
9000-PLFUZ,train
3427-GGZZI,train
7779-ORAEL,train
0644-OQMDK,train
4077-CROMM,train
3154-CFSZG,validation
2868-MZAGQ,train
4847-QNOKA,train
2220-IAHLS,train
1658-XUHBX,train
6379-RXJRQ,validation
2378-HTWFW,validation
8650-RHRKE,test
4377-VDHYI,test
0475-RIJEP,train
1260-TTRXI,train
3719-TDVQB,train
6328-ZPBGN,test
0201-MIBOL,train
4937-QPZPO,test
2925-VDZHY,test
6981-TDRFT,train
3413-CSSTH,test
8033-VCZGH,test
4789-KWMXN,validation
0224-NIJLP,train
7542-CYDDM,train
4718-WXBGI,validation
2867-UIMSS,test
8495-PRWFH,test
0439-IFYUN,train
5716-LIBJC,train
2868-LLSKM,train
8111-RKSPX,train
2988-QRAJY,train
1585-MQSSU,train
0071-NDAFP,train
2856-NNASM,validation
7328-ZJAJO,train
6458-CYIDZ,train
8559-CIZFV,train
1090-PYKCI,validation
3058-WQDRE,train
7547-EKNFS,train
2279-AXJJK,test
6769-DYBQN,test
0909-SELIE,test
3417-TSCIC,train
1042-HFUCW,validation
4439-JMPMT,train
6537-OTKMY,train
8999-EXMNO,train
6725-TPKJO,train
2446-BEGGB,validation
7162-WPHPM,train
1599-MMYRQ,train
8821-KVZKQ,train
1496-GGSUK,train
6434-TTGJP,test
0042-JVWOJ,train
0130-SXOUN,validation
2575-GFSOE,train
2330-PQGDQ,train
1452-UZOSF,validation
2097-YVPKN,train
2842-JTCCU,train
8597-CTXVJ,train
6631-HMANX,train
9962-BFPDU,test
3296-SILRA,train
9681-OXGVC,train
6394-HHHZM,validation
5995-LFTLE,train
5180-UCIIQ,train
1932-UEDCX,train
7153-OANIO,train
5188-HGMLP,train
0665-XHDJU,test
6521-YYTYI,validation
8878-HMWBV,train
8265-HKSOW,validation
3544-FBCAS,validation
5331-RGMTT,test
4759-PXTAN,test
7054-DMVAS,train
3428-MMGUB,train
6549-BTYPG,train
7823-JSOAG,train
3705-RHRFR,validation
9374-YOLBJ,test
9074-KGVOX,train
6128-DAFVY,train
9933-QRGTX,validation
4476-OSWTN,train
3751-KTZEL,train
1977-STDKI,validation
5066-GFJMM,validation
2661-GKBTK,validation
0458-HEUZG,validation
7268-WNTCP,train
0824-VWDPO,validation
8409-WQJUX,test
2578-JQPHZ,validation
3278-FSIXX,train
5813-UECBU,train
0328-GRPMV,train
9746-UGFAC,test
2946-KIQSP,train
0625-AFOHS,test
6726-WEXXK,train
4636-OLWOE,train
4342-HENTK,test
4685-ERGHK,train
0885-HMGPY,train
5003-OKNNK,train
4195-SMMNX,train
7208-PSIHR,train
4012-ZTHBR,train
0489-WMEMG,train
7435-ZNUYY,train
1354-YZFNB,train
6956-SMUCM,train
2985-FMWYF,test
2812-ENYMO,train
2717-HVIZY,validation
3223-WZWJM,validation
3422-GALYP,train
9053-JZFKV,train
2530-ENDWQ,validation
2890-WFBHU,validation
0327-WFZSY,test
7977-HXJKU,validation
6615-ZGEDR,train
7033-CLAMM,train
4023-RTIQM,train
0864-FVJNJ,train
7356-IWLFW,train
9541-PWTWO,validation
3967-VQOGC,test
7872-RDDLZ,train
9250-WYPLL,train
6308-CQRBU,train
2754-XBHTB,test
1597-LHYNC,train
0186-CAERR,validation
3043-SUDUA,validation
5442-BHQNG,test
2169-RRLFW,test
5872-OEQNH,train
3162-KKZXO,train
7055-VKGDA,train
0754-UKWQP,train
8873-GLDMH,test
5696-JVVQY,test
8946-BFWSG,train
7493-TPUWZ,train
0547-HURJB,train
8904-OPDCK,train
8845-LWKGE,train
1577-HKTFG,train
8752-STIVR,test
0691-NIKRI,train
5022-JNQEQ,test
4558-FANTW,train
3249-VHRIP,train
3736-BLEPA,validation
4701-LKOZD,train
6603-QWSPR,train
9921-QFQUL,train
1929-ZCBHE,test
4378-MYPGO,test
8651-ENBZX,train
4129-LYCOI,train
7798-JVXYM,validation
8647-SDTWQ,validation
2696-ECXKC,train
2081-KJSQF,train
7623-TRNQN,test
3323-CPBWR,train
9330-IJWIO,validation
3384-CTMSF,validation
0902-RFHOF,validation
9286-DOJGF,test
6048-QBXKL,test
9661-MHUMO,test
7718-RXDGG,train
1025-FALIX,validation
3451-VAWLI,train
3407-QGWLG,validation
1842-EZJMK,train
2347-WKKAE,train
8735-DCXNF,train
3214-IYUUQ,train
1936-UAFEH,test
3587-PMCOY,test
8079-XRJRS,train
1027-LKKQQ,train
7148-XZPHA,validation
8073-IJDCM,train
5309-TAIKL,train
6856-RAURS,test
8778-LMWTJ,test
9717-IOAAF,train
8884-ADFVN,test
2845-KDHVX,train
0848-SOMKO,train
2720-WGKHP,train
6734-FQAJX,test
2869-ADAWR,validation
1535-VTJOQ,train
6368-TZZDT,train
0943-ZQPXH,validation
1293-BSEUN,train
9894-EZEWG,train
1302-TPUBN,validation
7851-FLGGQ,test
0637-UBJRP,validation
0940-OUQEC,train
2378-VTKDH,validation
0927-CNGRH,train
8608-OZTLB,train
2335-GSODA,test
1952-DVVSW,test
0702-PGIBZ,train
6656-GULJQ,train
9853-JFZDU,train
1963-VAUKV,test
3777-XROBG,validation
6994-FGRHH,train
4000-VGMQP,train
3999-WRNGR,validation
3466-RITXD,test
2680-XKKNJ,train
3058-HJCUY,validation
2974-GGUXS,train
7994-XIRTR,train
3259-FDWOY,validation
2101-RANCD,test
7921-BEPCI,train
0807-ZABDG,train
8510-TMWYB,train
3258-ZKPAI,validation
1428-IEDPR,train
5298-GSTLM,train
4450-YOOHP,train
6728-CZFEI,train
5748-RNCJT,validation
3653-NCRDJ,train
6121-TNHBO,validation
5119-NZPTV,train
6519-ZHPXP,test
7739-LAXOG,train
3472-QPRCH,train
8224-UAXBZ,train
9610-WCESF,test
9776-CLUJA,train
2486-WYVVE,train
3865-ZYKAD,test
1422-DGUBX,train
2999-AANRQ,train
8668-KNZTI,train
0480-KYJVA,test
6034-ZRYCV,train
9746-YKGXB,train
3926-YZVVX,test
6000-UKLWI,validation
2079-FBMZK,train
6332-FBZRI,test
2096-XOTMO,train
3266-FTKHB,train
8221-EQDGL,train
2346-LOCWC,test
6608-QQLVK,test
0298-XACET,test
7560-QJAVJ,test
2995-YWTCD,validation
3551-HUAZH,train
9137-UIYPG,train
2809-ZMYOQ,train
5084-OOVCJ,validation
0254-WWRKD,train
7727-SHVZV,train
6302-JGYRJ,train
5339-PXDVH,test
2205-LPVGL,validation
8782-NUUOL,test
3685-YLCMQ,train
7601-WFVZV,train
4609-KNNWG,train
4868-AADLV,train
9529-OFXHY,train
8634-MPHTR,validation
2669-QVCRG,test
2478-EEWWM,test
9174-IHETN,train
2233-TXSIU,test
9644-UMGQA,train
3256-EZDBI,validation
8761-NSOBC,train
0419-YAAPX,train
8413-VONUO,train
0872-CASZJ,validation
4726-DLWQN,train
8164-OCKUJ,train
3094-JOJAI,test
9494-MRNYX,train
2599-CZABP,train
7945-PRBVF,train
4544-RXFMG,train
0859-YGKFW,train
1150-FTQGN,train
9223-UCPVT,train
7196-LIWRH,train
5448-VWNAM,train
1177-XZBJL,train
3518-FSTWG,train
9330-VOFSZ,test
4351-QLCSU,train
0939-EREMR,train
9389-ACWBI,test
5419-JPRRN,train
3644-QXEHN,validation
2911-IJORQ,train
5921-NGYRH,test
2100-BDNSN,train
5998-DZLYR,train
0488-GSLFR,train
9318-NKNFC,train
3985-HOYPM,test
9728-FTTVZ,train
9548-LERKT,test
6576-FBXOJ,validation
4310-KEDTB,train
7254-IQWOZ,train
2474-BRUCM,train
4062-HBMOS,train
0742-NXBGR,train
2676-ISHSF,train
9236-NDUCW,train
4753-PADAS,test
6103-QCKFX,validation
7781-EWARA,train
6110-OHIHY,train
7018-FPXHH,train
5889-LFOLL,train
5708-EVONK,train
8708-XPXHZ,train
0616-ATFGB,test
0572-ZJKLT,train
5135-RDDQL,train
1353-LJWEM,train
1794-SWWKL,train
6166-YIPFO,validation
7016-BPGEU,train
6876-ADESB,validation
9332-GYWLO,train
1963-SVUCV,train
4184-VODJZ,test
0220-EBGCE,train
1092-WPIVQ,train
7233-IOQNP,test
2834-JKOOW,test
2754-VDLTR,train
2400-FEQME,train
3190-XFANI,train
7551-DACSP,train
4957-SREEC,validation
7235-NXZCP,test
0230-UBYPQ,test
4923-ADWXJ,validation
1763-KUAAW,train
1104-TNLZA,train
5195-KPUNQ,validation
0520-FDVVT,train
3439-GVUSX,validation
1444-VVSGW,test
5712-PTIWW,train
5949-HGVJL,test
5203-XEHAX,train
1635-HDGFT,train
3315-TOTBP,train
8050-XGRVL,validation
6661-HBGWL,test
1518-VOWAV,train
9828-QHFBK,train
3908-MKIMJ,train
5012-YSPJJ,train
5909-ECHUI,train
1309-BXVOQ,train
6728-VOIFY,validation
9317-WZPGV,train
4891-NLUBA,train
2856-HYAPG,train
8969-PRHFK,train
0661-KQHNK,train
8709-KRDVL,test
4488-PSYCG,train
1427-VERSM,train
9801-NOSHQ,train
6339-YPSAH,train
3621-CEOVK,train
6906-ANDWJ,train
2159-TURXX,test
1548-FEHVL,train
3795-CAWEX,train
6215-NQCPY,train
5647-URDKA,validation
2229-DPMBI,train
9626-WEQRM,train
2188-SXWVT,test
6258-PVZWJ,train
1094-BKOSX,train
6969-MVBAI,test
2978-XXSOG,train
2342-CKIAO,train
6953-PBDIN,test
3898-BSJYF,train
3938-YFPXD,train
7696-AMHOD,train
2453-SAFNS,validation
9558-IHEZX,train
9617-UDPEU,train
6340-DACFT,test
4955-VCWBI,test
6813-GZQCG,validation
7426-GSWPO,train
3389-KTRXV,train
3118-UHVVQ,train
1031-IIDEO,train
5832-XKAES,train
3205-MXZRA,train
4701-AHWMW,test
8317-BVKSO,train
5702-KVQRD,test
0083-PIVIK,train
9210-IAHGH,train
6169-PGNCD,train
0023-XUOPT,test
4592-IWTJI,train
4909-JOUPP,train
4657-FWVFY,train
2257-BOVXD,test
7729-JTEEC,train
7632-MNYOY,validation
6518-LGAOV,validation
7242-QZLXF,train
4576-CSAJH,train
1000-AJSLD,train
9696-RMYBA,validation
8690-UPCZI,test
1062-LHZOD,validation
9770-LXDBK,train
4086-WITJG,test
8344-WFMFH,train
9600-NAXZN,train
8822-KNBHV,train
8404-FYDIB,train
2791-SFVEW,train
6457-USBER,train
6762-NSODU,train
4662-EKDPQ,validation
9248-OJYKK,test
9888-ZCUMM,train
3398-FSHON,validation
3319-DWOEP,train
1074-WVEVG,train
9979-RGMZT,test
6437-UDQJM,validation
1226-IENZN,validation
2108-GLPQB,validation
9259-PACGQ,train
4415-IJZTP,test
1465-VINDH,validation
5474-LAMUQ,validation
3468-DRVQJ,train
1122-YJBCS,test
4990-ALDGW,train
4816-OKWNX,validation
3315-IKYZQ,train
2810-FTLEM,validation
4747-LCAQL,train
3411-WLRSQ,train
0898-XCGTF,train
8006-PYCSW,train
8249-THVEC,validation
8722-PRFDV,train
2164-SOQXL,train
4020-KIUDI,validation
5850-BDWCY,test
2038-YSEZE,train
0827-ITJPH,train
8799-OXZMD,validation
1925-TIBLE,train
1705-GUHPV,test
4779-ZGICK,test
0048-PIHNL,test
0818-OCPZO,validation
3967-KXAPS,test
1447-GIQMR,validation
3704-IEAXF,train
6810-VCAEX,validation
0674-EYYZV,train
4480-MBMLB,train
1395-OFUWC,test
0822-QGCXA,train
0872-NXJYS,train
2832-KJCRD,train
3588-WSTTJ,train
4075-WKNIU,train
5090-EMGTC,train
2346-CZYIL,validation
3798-EPWRR,train
6258-NGCNG,test
4186-ZBUEW,validation
5274-XHAKY,train
1442-BQPVU,train
3978-YNKDD,test
4940-KHCWD,test
9412-ARGBX,test
1389-CXMLU,validation
9589-ABEPT,train
9388-ZEYVT,train
0305-SQECB,train
7605-SNLQG,train
4670-TABXH,train
5561-NWEVX,train
0064-SUDOG,train
8561-NMTBD,train
5161-XEUVX,test
8292-FRFZQ,train
8591-NXRCV,validation
7895-VONWT,train
4526-RMTLL,train
6253-GNHWH,train
4566-NECEV,validation
8080-POTJR,train
6906-MPARY,train
3662-FXJFO,train
8107-RZLNV,train
0516-OOHAR,test
2027-CWDNU,train
2737-WFVYW,train
9912-OMZDS,validation
3733-ZEECP,train
7878-RTCZG,train
2452-MRMZF,train
2272-QAGFO,validation
7103-IPXPJ,train
4342-HFXWS,train
3545-CNWRG,train
1785-BPHTP,train
4989-LIXVT,train
7315-WYOAW,train
1173-XZPYF,validation
9850-OWRHQ,train
3768-NLUBH,train
8676-TRMJS,test
2509-TFPJU,validation
9530-GRMJG,test
6898-RBTLU,train
5481-NTDOH,train
2068-WWXQZ,train
7359-SSBJK,train
2061-VVFST,test
0685-MLYYM,test
0749-IRGQE,test
2380-DAMQP,validation
2256-YLYLP,train
1272-ILHFG,validation
0164-XAIRP,test
5666-CYCYZ,train
4011-ARPHK,validation
8182-PNAGI,train
6365-HITVU,test
7558-IMLMT,validation
9488-FYQAU,train
3590-TCXTB,validation
6994-KERXL,validation
7957-RYHQD,test
2180-DXNEG,train
1960-UOTYM,train
2740-JFBOK,validation
6500-JVEGC,validation
5515-AKOAJ,train
8976-OQHGT,validation
5245-VDBUR,test
6230-BSUXY,test
8469-SNFFH,train
2144-ESWKO,train
1241-FPMOF,train
9928-BZVLZ,validation
4114-QMKVN,train
2775-SEFEE,train
9003-CPATH,train
1754-GKYPY,train
5294-CDGWY,train
7956-XQWGU,train
1591-MQJTP,validation
5295-PCJOO,train
2369-FEVNO,test
9863-JZAIC,train
7471-MQPOS,test
7660-HDPJV,validation
5115-SQAAU,validation
9845-QOMAD,train
7672-VFMXZ,train
9739-JLPQJ,train
9916-AYHTC,validation
3855-ONCAR,train
1488-SYSFC,train
7931-PXHFC,validation
3990-QYKBE,train
0970-QXPXW,train
3259-KNMRR,train
6120-RJKLU,train
9572-WUKSB,test
5893-KCLGT,train
0076-LVEPS,test
3640-JQGJG,validation
4919-MOAVT,validation
1596-OQSPS,train
9867-XOBQA,test
9546-KDTRB,train
3090-HAWSU,validation
9820-RMCQV,test
3174-RKMOW,train
1760-CAZHT,validation
7839-QRKXN,train
8441-SHIPE,validation
5204-QZXPU,train
4597-ELFTS,train
1320-GVNHT,train
1047-RNXZV,test
3541-ZNUHK,train
8450-JOVAH,test
8725-JEDFD,validation
7562-UXTPG,train
8071-SBTRN,train
1113-IUJYX,validation
6668-CNMFP,train
5626-MGTUK,train
5681-LLOEI,train
8212-DJRCH,test
4323-OHFOW,train
4933-BSAIP,train
2030-BTZRO,train
1116-DXXDF,train
9274-CNFMO,train
7758-XKCBS,train
8992-JQYUN,train
6563-VNPMN,train
0617-AQNWT,train
2267-WTPYD,train
0270-THENM,train
2446-PLQVO,train
4707-MAXGU,train
2710-WYVXG,train
3005-NFMTA,train
6300-BWMJX,train
8784-CGILN,train
5389-FFVKB,train
7009-LGECI,train
8444-WRIDW,train
5022-KVDQT,train
7976-CICYS,validation
1036-GUDCL,test
2005-DWQZJ,train
8148-WOCMK,validation
7815-PDTHL,train
9451-LPGOO,train
9173-IVZVP,validation
9129-UXERG,train
3635-JBPSG,train
7964-ZRKKG,train
5868-YWPDW,train
6229-LSCKB,train
2025-JKFWI,test
4078-SAYYN,validation
1724-IQWNM,train
8217-QYOHV,train
5546-QUERU,train
9940-HPQPG,validation
6897-UUBNU,train
6127-IYJOZ,train
6618-RYATB,train
8930-XOTDP,test
5916-QEWPT,train
5060-TQUQN,validation
0531-XBKMM,train
8465-SBRXP,train
2408-PSJVE,test
9079-YEXQJ,test
9700-ZCLOT,validation
8738-JOKAR,train
4534-WGCIR,train
1930-WNXSB,validation
2685-SREOM,validation
3508-CFVZL,validation
0402-CQAJN,validation
6692-UDPJC,train
1273-MTETI,train
0657-DOGUM,validation
5480-HPRRX,test
8792-AOROI,validation
0295-PPHDO,test
5146-YYFRZ,train
1195-OIYEJ,train
5906-CVLHP,train
3452-SRFEG,validation
4070-OKWVH,train
5297-MDOIR,test
6369-MCAKO,train
4926-UMJZD,train
6848-HJTXY,test
6341-AEVKX,train
4501-EQDRN,train
2990-HWIML,train
0682-USIXD,test
6976-BWGLQ,train
7078-NVFAM,train
8065-QBYTO,train
2133-TSRRM,train
7384-GHBPI,train
7603-USHJS,test
7234-FECYN,train
2511-ALLCS,train
3191-CSNMG,train
7952-OBOYL,test
7470-DYNOE,train
7853-OETYL,train
1545-ACTAS,train
5876-HZVZM,train
1400-MMYXY,test
5126-RCXYW,train
3085-QUOZK,validation
2363-BJLSL,train
1956-YIFGE,test
3926-CUQZX,train
7921-LMDFQ,train
2925-MXLSX,validation
5820-PTRYM,test
9609-BENEA,validation
6211-WHMYA,validation
4459-BBGHE,train
9945-PSVIP,test
1041-RXHRA,train
1750-CSKKM,train
9108-EJFJP,validation
0530-IJVDB,train
0508-SQWPL,train
2215-ZAFGX,validation
8213-TAZPM,validation
7142-HVGBG,validation
1304-SEGFY,train
7242-EDTYC,train
2904-GGUAZ,validation
8267-ZNYVZ,train
5136-GFPMB,test
2595-KIWPV,train
5243-SAOTC,train
9398-MMQTO,train
7619-PLRLP,train
6457-GIRWB,train
6508-NJYRO,train
1450-SKCVI,train
4710-NKCAW,train
5306-BVTKJ,validation
0357-NVCRI,train
5570-PTWEH,train
2371-KFUOG,validation
0463-ZSDNT,train
6502-MJQAE,train
6257-DTAYD,train
4616-ULAOA,train
7693-LCKZL,train
7746-AWNQW,train
5996-EBTKM,train
2758-RNWXS,test
2314-TNDJQ,train
2405-LBMUW,train
3454-JFUBC,test
0032-PGELS,train
9039-ZVJDC,train
6797-LNAQX,test
9013-AQORL,test
2898-MRKPI,train
2750-BJLSB,test
3648-GZPHF,train
2075-RMJIK,validation
9588-YRFHY,test
6394-MFYNG,train
1564-NTYXF,train
9364-YKUVW,test
5392-AKEMH,validation
2451-YMUXS,validation
3914-FDRHP,train
3078-ZKNTS,train
1024-KPRBB,validation
4690-PKDQG,train
8155-IBNHG,train
0886-QGENL,validation
9547-ITEFG,train
1264-FUHCX,test
7789-CRUVC,test
6598-KELSS,train
8739-WWKDU,test
8685-WHQPW,validation
4745-LSPLO,train
8083-YTZES,test
7240-FQLHE,train
6664-FPDAC,test
9972-VAFJJ,test
0422-UXFAP,test
1904-WAJAA,train
5130-YPIRV,train
2843-CQMEG,test
6439-PKTRR,train
5351-QESIO,test
0786-VSSUD,train
5568-DMXZS,validation
8468-FZTOE,validation
6633-SYEUS,validation
6447-GORXK,validation
6967-PEJLL,test
3976-BWUCK,train
5981-ZVXOT,train
1684-FLBGS,train
1389-WNUIB,validation
0376-OIWME,train
3585-ISXZP,test
0218-QNVAS,train
6583-QGCSI,train
0804-YGEQV,validation
7164-BPTUT,train
4174-LPGTI,train
2523-EWWZL,train
0928-XUTSN,train
2108-XWMPY,train
0052-YNYOT,test
6304-IJFSQ,test
9586-JGQKH,test
4501-VCPFK,train
6075-SLNIL,validation
9347-AERRL,train
0093-XWZFY,validation
2274-XUATA,train
1980-KXVPM,test
7703-ZEKEF,train
0723-DRCLG,validation
5482-NUPNA,test
6691-CCIHA,train
1685-BQULA,validation
9053-EJUNL,train
0666-UXTJO,train
1471-GIQKQ,test
4807-IZYOZ,train
1122-JWTJW,train
9710-NJERN,train
9837-FWLCH,train
1699-HPSBG,train
7203-OYKCT,train
1035-IPQPU,test
7398-LXGYX,test
2823-LKABH,train
8775-CEBBJ,validation
0550-DCXLH,validation
9281-CEDRU,train
2235-DWLJU,validation
0871-OPBXW,validation
3605-JISKB,train
6894-LFHLY,train
9767-FFLEM,test
0639-TSIQW,train
8456-QDAVC,validation
7750-EYXWZ,test
2569-WGERO,train
6840-RESVB,validation
2234-XADUH,validation
4801-JZAZL,validation
8361-LTMKD,test
3186-AJIEK,validation
